var hzi_stgo = [
{
    "type": "FeatureCollection",
    "features": [
        {
            "type": "Feature",
            "properties": {
                "TOCKA": 51890,
                "STACIONAZA": "51+889.69",
                "EHTRS96TM": 484934.85,
                "NHTRS96TM": 5138746.22,
                "H": 178.551,
                "STABILIZACIJA": "Tirfon u zidu propusta lijevo",
                "STRANA": "L",
                "UDALJENOST_OD_OSI": -2.15,
                "PRUGA": "M501"
            },
            "geometry": {
                "type": "Point",
                "coordinates": [
                    16.304125,
                    46.388246
                ]
            }
        },
        {
            "type": "Feature",
            "properties": {
                "TOCKA": 52290,
                "STACIONAZA": "52+290.51",
                "EHTRS96TM": 485334.9,
                "NHTRS96TM": 5138720.77,
                "H": 179.606,
                "STABILIZACIJA": "čavao za beton u betonskom stupu desno",
                "STRANA": "D",
                "UDALJENOST_OD_OSI": 3.73,
                "PRUGA": "M501"
            },
            "geometry": {
                "type": "Point",
                "coordinates": [
                    16.309327,
                    46.388026
                ]
            }
        },
        {
            "type": "Feature",
            "properties": {
                "TOCKA": 52550,
                "STACIONAZA": "52+552.26",
                "EHTRS96TM": 485596.36,
                "NHTRS96TM": 5138708.56,
                "H": 177.572,
                "STABILIZACIJA": "čavao za beton u sredini parapeta propusta desno",
                "STRANA": "D",
                "UDALJENOST_OD_OSI": 3.14,
                "PRUGA": "M501"
            },
            "geometry": {
                "type": "Point",
                "coordinates": [
                    16.312727,
                    46.387922
                ]
            }
        },
        {
            "type": "Feature",
            "properties": {
                "TOCKA": 53250,
                "STACIONAZA": "53+179.07",
                "EHTRS96TM": 486222.94,
                "NHTRS96TM": 5138688.35,
                "H": 176.226,
                "STABILIZACIJA": "Bolcna u rubnjaku parkirališta groblja lijevo",
                "STRANA": "L",
                "UDALJENOST_OD_OSI": -7.29,
                "PRUGA": "M501"
            },
            "geometry": {
                "type": "Point",
                "coordinates": [
                    16.320874,
                    46.387753
                ]
            }
        },
        {
            "type": "Feature",
            "properties": {
                "TOCKA": 53460,
                "STACIONAZA": "53+456.61",
                "EHTRS96TM": 486499.58,
                "NHTRS96TM": 5138663.25,
                "H": 175.417,
                "STABILIZACIJA": "Rupica u starom temelju desno",
                "STRANA": "D",
                "UDALJENOST_OD_OSI": 4.26,
                "PRUGA": "M501"
            },
            "geometry": {
                "type": "Point",
                "coordinates": [
                    16.324472,
                    46.387533
                ]
            }
        },
        {
            "type": "Feature",
            "properties": {
                "TOCKA": 53480,
                "STACIONAZA": "53+485.94",
                "EHTRS96TM": 486528.88,
                "NHTRS96TM": 5138661.86,
                "H": 175.298,
                "STABILIZACIJA": "Vanjski profil desno na starom sahtu",
                "STRANA": "D",
                "UDALJENOST_OD_OSI": 4.21,
                "PRUGA": "M501"
            },
            "geometry": {
                "type": "Point",
                "coordinates": [
                    16.324853,
                    46.387521
                ]
            }
        },
        {
            "type": "Feature",
            "properties": {
                "TOCKA": 54900,
                "STACIONAZA": "54+895.08",
                "EHTRS96TM": 487937.05,
                "NHTRS96TM": 5138607.52,
                "H": 173.652,
                "STABILIZACIJA": "Sredina kanalizacijskog okna",
                "STRANA": "L",
                "UDALJENOST_OD_OSI": -10.33,
                "PRUGA": "M501"
            },
            "geometry": {
                "type": "Point",
                "coordinates": [
                    16.343163,
                    46.387059
                ]
            }
        },
        {
            "type": "Feature",
            "properties": {
                "TOCKA": 55600,
                "STACIONAZA": "55+598.41",
                "EHTRS96TM": 488638.9,
                "NHTRS96TM": 5138560.27,
                "H": 173.11,
                "STABILIZACIJA": "Dugi tračnički trak",
                "STRANA": "D",
                "UDALJENOST_OD_OSI": 3.12,
                "PRUGA": "M501"
            },
            "geometry": {
                "type": "Point",
                "coordinates": [
                    16.352289,
                    46.386646
                ]
            }
        },
        {
            "type": "Feature",
            "properties": {
                "TOCKA": 56251,
                "STACIONAZA": "56+249.82",
                "EHTRS96TM": 489289.88,
                "NHTRS96TM": 5138535.56,
                "H": 171.227,
                "STABILIZACIJA": "Uklesani križ na parapetu propusta lijevo",
                "STRANA": "L",
                "UDALJENOST_OD_OSI": -2.97,
                "PRUGA": "M501"
            },
            "geometry": {
                "type": "Point",
                "coordinates": [
                    16.360753,
                    46.386434
                ]
            }
        },
        {
            "type": "Feature",
            "properties": {
                "TOCKA": 57075,
                "STACIONAZA": "57+075.60",
                "EHTRS96TM": 490114.49,
                "NHTRS96TM": 5138491.35,
                "H": 169.781,
                "STABILIZACIJA": "čavao za beton",
                "STRANA": "D",
                "UDALJENOST_OD_OSI": 2.97,
                "PRUGA": "M501"
            },
            "geometry": {
                "type": "Point",
                "coordinates": [
                    16.371475,
                    46.386049
                ]
            }
        },
        {
            "type": "Feature",
            "properties": {
                "TOCKA": 58200,
                "STACIONAZA": "58+198.61",
                "EHTRS96TM": 491236.58,
                "NHTRS96TM": 5138445.37,
                "H": 168.354,
                "STABILIZACIJA": "Dugi tračnički trak lijevo",
                "STRANA": "L",
                "UDALJENOST_OD_OSI": -2.95,
                "PRUGA": "M501"
            },
            "geometry": {
                "type": "Point",
                "coordinates": [
                    16.386065,
                    46.385651
                ]
            }
        },
        {
            "type": "Feature",
            "properties": {
                "TOCKA": 58385,
                "STACIONAZA": "58+385.63",
                "EHTRS96TM": 491423.14,
                "NHTRS96TM": 5138431.27,
                "H": 167.913,
                "STABILIZACIJA": "Tirfon na starom temelju desno",
                "STRANA": "D",
                "UDALJENOST_OD_OSI": 2.53,
                "PRUGA": "M501"
            },
            "geometry": {
                "type": "Point",
                "coordinates": [
                    16.38849,
                    46.385526
                ]
            }
        },
        {
            "type": "Feature",
            "properties": {
                "TOCKA": 59000,
                "STACIONAZA": "58+991.74",
                "EHTRS96TM": 492028.59,
                "NHTRS96TM": 5138402.77,
                "H": 167.059,
                "STABILIZACIJA": "Dugi tračnički trak desno",
                "STRANA": "D",
                "UDALJENOST_OD_OSI": 3.02,
                "PRUGA": "M501"
            },
            "geometry": {
                "type": "Point",
                "coordinates": [
                    16.396362,
                    46.385277
                ]
            }
        },
        {
            "type": "Feature",
            "properties": {
                "TOCKA": 59590,
                "STACIONAZA": "59+594.64",
                "EHTRS96TM": 492631.11,
                "NHTRS96TM": 5138380.61,
                "H": 166.081,
                "STABILIZACIJA": "Tirfon pored starog okna lijevo",
                "STRANA": "L",
                "UDALJENOST_OD_OSI": -2.67,
                "PRUGA": "M501"
            },
            "geometry": {
                "type": "Point",
                "coordinates": [
                    16.404196,
                    46.385085
                ]
            }
        },
        {
            "type": "Feature",
            "properties": {
                "TOCKA": 60055,
                "STACIONAZA": "60+054.89",
                "EHTRS96TM": 493091.33,
                "NHTRS96TM": 5138362.81,
                "H": "nema visinu",
                "STABILIZACIJA": "čavao za beton u asfaltu lijevo",
                "STRANA": "L",
                "UDALJENOST_OD_OSI": -7.48,
                "PRUGA": "M501"
            },
            "geometry": {
                "type": "Point",
                "coordinates": [
                    16.41018,
                    46.384929
                ]
            }
        },
        {
            "type": "Feature",
            "properties": {
                "TOCKA": 60151,
                "STACIONAZA": "60+275.20",
                "EHTRS96TM": 493310.41,
                "NHTRS96TM": 5138339.68,
                "H": 165.384,
                "STABILIZACIJA": "Dugi tračnički trak",
                "STRANA": "D",
                "UDALJENOST_OD_OSI": 2.29,
                "PRUGA": "M501"
            },
            "geometry": {
                "type": "Point",
                "coordinates": [
                    16.413028,
                    46.384723
                ]
            }
        },
        {
            "type": "Feature",
            "properties": {
                "TOCKA": 60720,
                "STACIONAZA": "60+766.44",
                "EHTRS96TM": 493800.47,
                "NHTRS96TM": 5138302.74,
                "H": 165.393,
                "STABILIZACIJA": "čavao za beton u peronu desno",
                "STRANA": "D",
                "UDALJENOST_OD_OSI": 16.55,
                "PRUGA": "M501"
            },
            "geometry": {
                "type": "Point",
                "coordinates": [
                    16.4194,
                    46.384396
                ]
            }
        },
        {
            "type": "Feature",
            "properties": {
                "TOCKA": "R5697",
                "STACIONAZA": "60+880.00",
                "EHTRS96TM": 493920,
                "NHTRS96TM": 5138290,
                "H": 165.94,
                "STABILIZACIJA": "Državni reper na kraju kolodvorske zgrade Čakovec",
                "STRANA": "D",
                "UDALJENOST_OD_OSI": null,
                "PRUGA": "M501"
            },
            "geometry": {
                "type": "Point",
                "coordinates": [
                    16.420954,
                    46.384282
                ]
            }
        },
        {
            "type": "Feature",
            "properties": {
                "TOCKA": 61210,
                "STACIONAZA": "61+219.31",
                "EHTRS96TM": 494253.33,
                "NHTRS96TM": 5138291.94,
                "H": 165.245,
                "STABILIZACIJA": "Reper na sredini pješačkog mosta",
                "STRANA": "D",
                "UDALJENOST_OD_OSI": 6.41,
                "PRUGA": "M501"
            },
            "geometry": {
                "type": "Point",
                "coordinates": [
                    16.425288,
                    46.384303
                ]
            }
        },
        {
            "type": "Feature",
            "properties": {
                "TOCKA": 61411,
                "STACIONAZA": "61+411.00",
                "EHTRS96TM": 494455.05,
                "NHTRS96TM": 5138316.44,
                "H": 164.873,
                "STABILIZACIJA": "Betonska tipla u južnom rubu Novakove ulice",
                "STRANA": null,
                "UDALJENOST_OD_OSI": null,
                "PRUGA": "M501"
            },
            "geometry": {
                "type": "Point",
                "coordinates": [
                    16.42791,
                    46.384525
                ]
            }
        },
        {
            "type": "Feature",
            "properties": {
                "TOCKA": 61687,
                "STACIONAZA": "61+687.00",
                "EHTRS96TM": 494729.74,
                "NHTRS96TM": 5138277.89,
                "H": 164.892,
                "STABILIZACIJA": "Betonska tipla u asfatlu s desne strane pruge a prije nadvožnjaka Kalnička",
                "STRANA": "D",
                "UDALJENOST_OD_OSI": null,
                "PRUGA": "M501"
            },
            "geometry": {
                "type": "Point",
                "coordinates": [
                    16.431482,
                    46.38418
                ]
            }
        },
        {
            "type": "Feature",
            "properties": {
                "TOCKA": 62142,
                "STACIONAZA": "62+142.00",
                "EHTRS96TM": 495184.39,
                "NHTRS96TM": 5138266.48,
                "H": 164.67,
                "STABILIZACIJA": "Betonska tipla u asfatlu s lijeve strane ŽCP-a",
                "STRANA": "L",
                "UDALJENOST_OD_OSI": null,
                "PRUGA": "M501"
            },
            "geometry": {
                "type": "Point",
                "coordinates": [
                    16.437393,
                    46.384081
                ]
            }
        },
        {
            "type": "Feature",
            "properties": {
                "TOCKA": 62334,
                "STACIONAZA": "62+334.00",
                "EHTRS96TM": 495376.68,
                "NHTRS96TM": 5138258.35,
                "H": 163.617,
                "STABILIZACIJA": "Vijak PsD ",
                "STRANA": null,
                "UDALJENOST_OD_OSI": null,
                "PRUGA": "M501"
            },
            "geometry": {
                "type": "Point",
                "coordinates": [
                    16.439893,
                    46.384009
                ]
            }
        },
        {
            "type": "Feature",
            "properties": {
                "TOCKA": 62449,
                "STACIONAZA": "62+449.00",
                "EHTRS96TM": 495491.18,
                "NHTRS96TM": 5138243.36,
                "H": 163.083,
                "STABILIZACIJA": "Vijak portala ",
                "STRANA": null,
                "UDALJENOST_OD_OSI": null,
                "PRUGA": "M501"
            },
            "geometry": {
                "type": "Point",
                "coordinates": [
                    16.441382,
                    46.383875
                ]
            }
        },
        {
            "type": "Feature",
            "properties": {
                "TOCKA": 62799,
                "STACIONAZA": "62+799.00",
                "EHTRS96TM": 495840.96,
                "NHTRS96TM": 5138232.2,
                "H": 162.977,
                "STABILIZACIJA": "Betonska tipla na kraju perona",
                "STRANA": null,
                "UDALJENOST_OD_OSI": null,
                "PRUGA": "M501"
            },
            "geometry": {
                "type": "Point",
                "coordinates": [
                    16.445929,
                    46.383777
                ]
            }
        },
        {
            "type": "Feature",
            "properties": {
                "TOCKA": 64949,
                "STACIONAZA": "64+949.00",
                "EHTRS96TM": 497984.01,
                "NHTRS96TM": 5138074.4,
                "H": 159.595,
                "STABILIZACIJA": "Tirafon s desne strane na kraju mosta",
                "STRANA": "D",
                "UDALJENOST_OD_OSI": null,
                "PRUGA": "M501"
            },
            "geometry": {
                "type": "Point",
                "coordinates": [
                    16.473791,
                    46.382367
                ]
            }
        },
        {
            "type": "Feature",
            "properties": {
                "TOCKA": 65986,
                "STACIONAZA": "65+986.00",
                "EHTRS96TM": 499014.98,
                "NHTRS96TM": 5137965.91,
                "H": 158.383,
                "STABILIZACIJA": "Betonska tipla u nogostupu",
                "STRANA": null,
                "UDALJENOST_OD_OSI": null,
                "PRUGA": "M501"
            },
            "geometry": {
                "type": "Point",
                "coordinates": [
                    16.487195,
                    46.381393
                ]
            }
        },
        {
            "type": "Feature",
            "properties": {
                "TOCKA": 67470,
                "STACIONAZA": "67+470.00",
                "EHTRS96TM": 500486.8,
                "NHTRS96TM": 5137770.32,
                "H": 156.853,
                "STABILIZACIJA": "Betonska tipla u temelju na početku mosta",
                "STRANA": null,
                "UDALJENOST_OD_OSI": null,
                "PRUGA": "M501"
            },
            "geometry": {
                "type": "Point",
                "coordinates": [
                    16.506328,
                    46.379634
                ]
            }
        },
        {
            "type": "Feature",
            "properties": {
                "TOCKA": 68009,
                "STACIONAZA": "68+009.00",
                "EHTRS96TM": 501021.49,
                "NHTRS96TM": 5137703.82,
                "H": 156.082,
                "STABILIZACIJA": "Prvi desni vijak kontrolnog svjetlosnog signala",
                "STRANA": null,
                "UDALJENOST_OD_OSI": null,
                "PRUGA": "M501"
            },
            "geometry": {
                "type": "Point",
                "coordinates": [
                    16.513279,
                    46.379035
                ]
            }
        },
        {
            "type": "Feature",
            "properties": {
                "TOCKA": 68482,
                "STACIONAZA": "68+482.00",
                "EHTRS96TM": 501491.85,
                "NHTRS96TM": 5137652.92,
                "H": 155.617,
                "STABILIZACIJA": "Prvi desni vijak solarnog napajanja predsignala",
                "STRANA": null,
                "UDALJENOST_OD_OSI": null,
                "PRUGA": "M501"
            },
            "geometry": {
                "type": "Point",
                "coordinates": [
                    16.519393,
                    46.378576
                ]
            }
        },
        {
            "type": "Feature",
            "properties": {
                "TOCKA": 68715,
                "STACIONAZA": "68+715.00",
                "EHTRS96TM": 501722.96,
                "NHTRS96TM": 5137627.31,
                "H": 155.717,
                "STABILIZACIJA": "Betonska tipla u asfaltu pješačkog prijelaza",
                "STRANA": null,
                "UDALJENOST_OD_OSI": null,
                "PRUGA": "M501"
            },
            "geometry": {
                "type": "Point",
                "coordinates": [
                    16.522398,
                    46.378345
                ]
            }
        },
        {
            "type": "Feature",
            "properties": {
                "TOCKA": 69516,
                "STACIONAZA": "69+516.00",
                "EHTRS96TM": 502518.21,
                "NHTRS96TM": 5137529.33,
                "H": 155.092,
                "STABILIZACIJA": "Bolcna u asfaltu nogostupa",
                "STRANA": null,
                "UDALJENOST_OD_OSI": null,
                "PRUGA": "M501"
            },
            "geometry": {
                "type": "Point",
                "coordinates": [
                    16.532735,
                    46.377461
                ]
            }
        },
        {
            "type": "Feature",
            "properties": {
                "TOCKA": 70323,
                "STACIONAZA": "70+323.32",
                "EHTRS96TM": 503317.82,
                "NHTRS96TM": 5137421.65,
                "H": 153.791,
                "STABILIZACIJA": "Betonska tipla u asfaltu ŽCP-a Krležina",
                "STRANA": "D",
                "UDALJENOST_OD_OSI": 4.97,
                "PRUGA": "M501"
            },
            "geometry": {
                "type": "Point",
                "coordinates": [
                    16.543129,
                    46.376489
                ]
            }
        },
        {
            "type": "Feature",
            "properties": {
                "TOCKA": 70459,
                "STACIONAZA": "70+459.36",
                "EHTRS96TM": 503453.77,
                "NHTRS96TM": 5137412.7,
                "H": 153.806,
                "STABILIZACIJA": "Uklesani križ u temelju ulaznog signala s lijeve strane pruge",
                "STRANA": "L",
                "UDALJENOST_OD_OSI": -2.58,
                "PRUGA": "M501"
            },
            "geometry": {
                "type": "Point",
                "coordinates": [
                    16.544896,
                    46.376408
                ]
            }
        },
        {
            "type": "Feature",
            "properties": {
                "TOCKA": 71164,
                "STACIONAZA": "71+164.62",
                "EHTRS96TM": 504153.13,
                "NHTRS96TM": 5137321.42,
                "H": 152.842,
                "STABILIZACIJA": "Prvi lijevi vijak solarnog stupa predsignala s desne strane pruge",
                "STRANA": "D",
                "UDALJENOST_OD_OSI": 3.53,
                "PRUGA": "M501"
            },
            "geometry": {
                "type": "Point",
                "coordinates": [
                    16.553986,
                    46.375582
                ]
            }
        },
        {
            "type": "Feature",
            "properties": {
                "TOCKA": 71794,
                "STACIONAZA": "71+793.66",
                "EHTRS96TM": 504778.38,
                "NHTRS96TM": 5137252.19,
                "H": 152.59,
                "STABILIZACIJA": "Prvi srednji vijak telefonskog ormarića s lijeve strane pruge",
                "STRANA": "L",
                "UDALJENOST_OD_OSI": -3.29,
                "PRUGA": "M501"
            },
            "geometry": {
                "type": "Point",
                "coordinates": [
                    16.562113,
                    46.374955
                ]
            }
        },
        {
            "type": "Feature",
            "properties": {
                "TOCKA": 73805,
                "STACIONAZA": "73+804.61",
                "EHTRS96TM": 506773.97,
                "NHTRS96TM": 5137004.05,
                "H": 151.296,
                "STABILIZACIJA": "Uklesani križ na početku propusta s desne strane pruge",
                "STRANA": "D",
                "UDALJENOST_OD_OSI": 1.9,
                "PRUGA": "M501"
            },
            "geometry": {
                "type": "Point",
                "coordinates": [
                    16.588049,
                    46.372706
                ]
            }
        },
        {
            "type": "Feature",
            "properties": {
                "TOCKA": 74463,
                "STACIONAZA": "74+463.32",
                "EHTRS96TM": 507428.49,
                "NHTRS96TM": 5136929.66,
                "H": 150.903,
                "STABILIZACIJA": "Prvi desni vijak na telefonskom ormariću s lijeve strane pruge",
                "STRANA": "L",
                "UDALJENOST_OD_OSI": -3.34,
                "PRUGA": "M501"
            },
            "geometry": {
                "type": "Point",
                "coordinates": [
                    16.596556,
                    46.37203
                ]
            }
        },
        {
            "type": "Feature",
            "properties": {
                "TOCKA": 75995,
                "STACIONAZA": "75+995.16",
                "EHTRS96TM": 508948.28,
                "NHTRS96TM": 5136737.81,
                "H": 148.991,
                "STABILIZACIJA": "Cijev u asfaltu kod željezničkog stajališta Čehovec s desne strane pruge",
                "STRANA": "D",
                "UDALJENOST_OD_OSI": 3.48,
                "PRUGA": "M501"
            },
            "geometry": {
                "type": "Point",
                "coordinates": [
                    16.616306,
                    46.370285
                ]
            }
        },
        {
            "type": "Feature",
            "properties": {
                "TOCKA": 76920,
                "STACIONAZA": "76+920.18",
                "EHTRS96TM": 509867.36,
                "NHTRS96TM": 5136632.87,
                "H": 147.385,
                "STABILIZACIJA": "Prvi desni vijak solarnog stupa s lijeve strane pruge",
                "STRANA": "L",
                "UDALJENOST_OD_OSI": -3.56,
                "PRUGA": "M501"
            },
            "geometry": {
                "type": "Point",
                "coordinates": [
                    16.62825,
                    46.369328
                ]
            }
        },
        {
            "type": "Feature",
            "properties": {
                "TOCKA": 77690,
                "STACIONAZA": "77+690.93",
                "EHTRS96TM": 510631.69,
                "NHTRS96TM": 5136533.38,
                "H": 146.165,
                "STABILIZACIJA": "Betonski čavao na kraju propusta s desne strane pruge",
                "STRANA": "D",
                "UDALJENOST_OD_OSI": 2.71,
                "PRUGA": "M501"
            },
            "geometry": {
                "type": "Point",
                "coordinates": [
                    16.638182,
                    46.368422
                ]
            }
        },
        {
            "type": "Feature",
            "properties": {
                "TOCKA": 78222,
                "STACIONAZA": "78+222.50",
                "EHTRS96TM": 511158.82,
                "NHTRS96TM": 5136464.74,
                "H": 145.874,
                "STABILIZACIJA": "Prvi lijevi ugao kanalizacijskog okna s desne strane pruge",
                "STRANA": "D",
                "UDALJENOST_OD_OSI": 7.06,
                "PRUGA": "M501"
            },
            "geometry": {
                "type": "Point",
                "coordinates": [
                    16.645031,
                    46.367796
                ]
            }
        },
        {
            "type": "Feature",
            "properties": {
                "TOCKA": 78550,
                "STACIONAZA": "78+550.58",
                "EHTRS96TM": 511486.35,
                "NHTRS96TM": 5136440.34,
                "H": 145.779,
                "STABILIZACIJA": "Lijeva strana \"U\" profila u nogostupu s lijeve strane pruge",
                "STRANA": "L",
                "UDALJENOST_OD_OSI": -8.36,
                "PRUGA": "M501"
            },
            "geometry": {
                "type": "Point",
                "coordinates": [
                    16.649288,
                    46.367571
                ]
            }
        },
        {
            "type": "Feature",
            "properties": {
                "TOCKA": 79543,
                "STACIONAZA": "79+542.64",
                "EHTRS96TM": 512469.69,
                "NHTRS96TM": 5136308.45,
                "H": 143.944,
                "STABILIZACIJA": "Prvi lijevi vijak u temelju solarnog stupa predsignala s desne strane pruge",
                "STRANA": "D",
                "UDALJENOST_OD_OSI": 3.56,
                "PRUGA": "M501"
            },
            "geometry": {
                "type": "Point",
                "coordinates": [
                    16.662065,
                    46.366367
                ]
            }
        },
        {
            "type": "Feature",
            "properties": {
                "TOCKA": 79665,
                "STACIONAZA": "79+664.92",
                "EHTRS96TM": 512591.1,
                "NHTRS96TM": 5136295.21,
                "H": 143.766,
                "STABILIZACIJA": "Ugrađeni reper R124 na lijevom uzvodnom upornjaku, željezničkog mosta preko kanala Rakovica, s desne strane pruge",
                "STRANA": "D",
                "UDALJENOST_OD_OSI": 2.01,
                "PRUGA": "M501"
            },
            "geometry": {
                "type": "Point",
                "coordinates": [
                    16.663642,
                    46.366245
                ]
            }
        },
        {
            "type": "Feature",
            "properties": {
                "TOCKA": 80150,
                "STACIONAZA": "80+148.24",
                "EHTRS96TM": 513070.81,
                "NHTRS96TM": 5136236.25,
                "H": 143.251,
                "STABILIZACIJA": "Stražnji srednji vijak telefonskog ormarića s desne strane pruge",
                "STRANA": "D",
                "UDALJENOST_OD_OSI": 2.53,
                "PRUGA": "M501"
            },
            "geometry": {
                "type": "Point",
                "coordinates": [
                    16.669875,
                    46.365706
                ]
            }
        },
        {
            "type": "Feature",
            "properties": {
                "TOCKA": 80580,
                "STACIONAZA": "80+586.35",
                "EHTRS96TM": 513505.68,
                "NHTRS96TM": 5136183.08,
                "H": 143.127,
                "STABILIZACIJA": "Prednji desni vijak kontrolnog signala KS1",
                "STRANA": "D",
                "UDALJENOST_OD_OSI": 2.71,
                "PRUGA": "M501"
            },
            "geometry": {
                "type": "Point",
                "coordinates": [
                    16.675525,
                    46.365219
                ]
            }
        },
        {
            "type": "Feature",
            "properties": {
                "TOCKA": 81280,
                "STACIONAZA": "81+283.63",
                "EHTRS96TM": 514198.59,
                "NHTRS96TM": 5136104.86,
                "H": 142.831,
                "STABILIZACIJA": "Bolcna u asfaltu s lijeve strane pruge",
                "STRANA": "L",
                "UDALJENOST_OD_OSI": -3.44,
                "PRUGA": "M501"
            },
            "geometry": {
                "type": "Point",
                "coordinates": [
                    16.684528,
                    46.364501
                ]
            }
        },
        {
            "type": "Feature",
            "properties": {
                "TOCKA": 81980,
                "STACIONAZA": "81+987.51",
                "EHTRS96TM": 514897.15,
                "NHTRS96TM": 5136018.48,
                "H": 141.901,
                "STABILIZACIJA": "Bolcna u temelju KSS2 s lijeve strane pruge",
                "STRANA": "L",
                "UDALJENOST_OD_OSI": -2.18,
                "PRUGA": "M501"
            },
            "geometry": {
                "type": "Point",
                "coordinates": [
                    16.693604,
                    46.363709
                ]
            }
        },
        {
            "type": "Feature",
            "properties": {
                "TOCKA": 82670,
                "STACIONAZA": "82+673.87",
                "EHTRS96TM": 515577.87,
                "NHTRS96TM": 5135930.55,
                "H": 141.292,
                "STABILIZACIJA": "Zadnji srednji vijak telefonskog ormarića s desne strane pruge",
                "STRANA": "D",
                "UDALJENOST_OD_OSI": 2.79,
                "PRUGA": "M501"
            },
            "geometry": {
                "type": "Point",
                "coordinates": [
                    16.702448,
                    46.362902
                ]
            }
        },
        {
            "type": "Feature",
            "properties": {
                "TOCKA": 84190,
                "STACIONAZA": "84+189.70",
                "EHTRS96TM": 517082.61,
                "NHTRS96TM": 5135747.54,
                "H": 140.148,
                "STABILIZACIJA": "Prvi lijevi vijak telefonskog ormarića s desne strane pruge",
                "STRANA": "D",
                "UDALJENOST_OD_OSI": 2.47,
                "PRUGA": "M501"
            },
            "geometry": {
                "type": "Point",
                "coordinates": [
                    16.721996,
                    46.361219
                ]
            }
        },
        {
            "type": "Feature",
            "properties": {
                "TOCKA": 84380,
                "STACIONAZA": "84+387.07",
                "EHTRS96TM": 517278.53,
                "NHTRS96TM": 5135723.71,
                "H": 140.763,
                "STABILIZACIJA": "Bolcna na kraju perona",
                "STRANA": "D",
                "UDALJENOST_OD_OSI": 2.51,
                "PRUGA": "M501"
            },
            "geometry": {
                "type": "Point",
                "coordinates": [
                    16.724541,
                    46.361
                ]
            }
        },
        {
            "type": "Feature",
            "properties": {
                "TOCKA": 87290,
                "STACIONAZA": "87+309.50",
                "EHTRS96TM": 520180.09,
                "NHTRS96TM": 5135375.02,
                "H": 137.774,
                "STABILIZACIJA": "čavao za beton na krajnjem upornjaku propusta s lijeve strane pruge",
                "STRANA": "L",
                "UDALJENOST_OD_OSI": -2.1,
                "PRUGA": "M501"
            },
            "geometry": {
                "type": "Point",
                "coordinates": [
                    16.762233,
                    46.357783
                ]
            }
        },
        {
            "type": "Feature",
            "properties": {
                "TOCKA": 87650,
                "STACIONAZA": "87+650.00",
                "EHTRS96TM": 520514,
                "NHTRS96TM": 5135337,
                "H": 137.28,
                "STABILIZACIJA": "Vrh vodomjera s lijeve strane pruge",
                "STRANA": "L",
                "UDALJENOST_OD_OSI": -5,
                "PRUGA": "M501"
            },
            "geometry": {
                "type": "Point",
                "coordinates": [
                    16.76657,
                    46.357431
                ]
            }
        },
        {
            "type": "Feature",
            "properties": {
                "TOCKA": 89115,
                "STACIONAZA": "89+114.61",
                "EHTRS96TM": 521971.42,
                "NHTRS96TM": 5135152.26,
                "H": 136.397,
                "STABILIZACIJA": "Zadnji lijevi vijak predsignala PsA s desne strane pruge",
                "STRANA": "D",
                "UDALJENOST_OD_OSI": 2.54,
                "PRUGA": "M501"
            },
            "geometry": {
                "type": "Point",
                "coordinates": [
                    16.7855,
                    46.355723
                ]
            }
        },
        {
            "type": "Feature",
            "properties": {
                "TOCKA": 89350,
                "STACIONAZA": "89+349.78",
                "EHTRS96TM": 522205.54,
                "NHTRS96TM": 5135129.4,
                "H": 136.15,
                "STABILIZACIJA": "šipka u starom temelju žicovoda s lijeve strane pruge",
                "STRANA": "L",
                "UDALJENOST_OD_OSI": -3.06,
                "PRUGA": "M501"
            },
            "geometry": {
                "type": "Point",
                "coordinates": [
                    16.788541,
                    46.355509
                ]
            }
        },
        {
            "type": "Feature",
            "properties": {
                "TOCKA": 89805,
                "STACIONAZA": "89+803.54",
                "EHTRS96TM": 522655.15,
                "NHTRS96TM": 5135067.8,
                "H": 136,
                "STABILIZACIJA": "Prvi desni vijak telefona s desne strane pruge",
                "STRANA": "D",
                "UDALJENOST_OD_OSI": 3.76,
                "PRUGA": "M501"
            },
            "geometry": {
                "type": "Point",
                "coordinates": [
                    16.79438,
                    46.35494
                ]
            }
        },
        {
            "type": "Feature",
            "properties": {
                "TOCKA": 90115,
                "STACIONAZA": "90+117.29",
                "EHTRS96TM": 522967.34,
                "NHTRS96TM": 5135035.92,
                "H": 136.029,
                "STABILIZACIJA": "Bolcna na mostu lijevo",
                "STRANA": "L",
                "UDALJENOST_OD_OSI": -2.32,
                "PRUGA": "M501"
            },
            "geometry": {
                "type": "Point",
                "coordinates": [
                    16.798435,
                    46.354643
                ]
            }
        },
        {
            "type": "Feature",
            "properties": {
                "TOCKA": 90250,
                "STACIONAZA": "90+251.66",
                "EHTRS96TM": 523099.58,
                "NHTRS96TM": 5135010.29,
                "H": 135.915,
                "STABILIZACIJA": "Bolcna na propustu desno",
                "STRANA": "D",
                "UDALJENOST_OD_OSI": 7.16,
                "PRUGA": "M501"
            },
            "geometry": {
                "type": "Point",
                "coordinates": [
                    16.800152,
                    46.354408
                ]
            }
        },
        {
            "type": "Feature",
            "properties": {
                "TOCKA": 90650,
                "STACIONAZA": "90+546.25",
                "EHTRS96TM": 523394.37,
                "NHTRS96TM": 5134994.07,
                "H": 135.373,
                "STABILIZACIJA": "Zadnji lijevi vijak telefonskog ormarića s lijeve strane pruge",
                "STRANA": "L",
                "UDALJENOST_OD_OSI": -12.32,
                "PRUGA": "M501"
            },
            "geometry": {
                "type": "Point",
                "coordinates": [
                    16.803982,
                    46.354252
                ]
            }
        },
        {
            "type": "Feature",
            "properties": {
                "TOCKA": 90892,
                "STACIONAZA": "90+890.32",
                "EHTRS96TM": 523735.75,
                "NHTRS96TM": 5134951.2,
                "H": 137.157,
                "STABILIZACIJA": "Reper R131 na kolodvorskoj zgradi",
                "STRANA": "L",
                "UDALJENOST_OD_OSI": -10.98,
                "PRUGA": "M501"
            },
            "geometry": {
                "type": "Point",
                "coordinates": [
                    16.808416,
                    46.353854
                ]
            }
        },
        {
            "type": "Feature",
            "properties": {
                "TOCKA": 90920,
                "STACIONAZA": "90+913.86",
                "EHTRS96TM": 523758.08,
                "NHTRS96TM": 5134939.8,
                "H": 135.817,
                "STABILIZACIJA": "Bolcna na otočnom peronu s lijeve strane pruge",
                "STRANA": "L",
                "UDALJENOST_OD_OSI": -2.36,
                "PRUGA": "M501"
            },
            "geometry": {
                "type": "Point",
                "coordinates": [
                    16.808705,
                    46.353751
                ]
            }
        },
        {
            "type": "Feature",
            "properties": {
                "TOCKA": 91220,
                "STACIONAZA": "91+214.27",
                "EHTRS96TM": 524055.56,
                "NHTRS96TM": 5134897.45,
                "H": 135.537,
                "STABILIZACIJA": "Cijev s desne strane pruge",
                "STRANA": "D",
                "UDALJENOST_OD_OSI": 3.78,
                "PRUGA": "M501"
            },
            "geometry": {
                "type": "Point",
                "coordinates": [
                    16.812568,
                    46.353359
                ]
            }
        },
        {
            "type": "Feature",
            "properties": {
                "TOCKA": 91530,
                "STACIONAZA": "91+529.79",
                "EHTRS96TM": 524369.82,
                "NHTRS96TM": 5134871.09,
                "H": 134.91,
                "STABILIZACIJA": "Prvi lijevi vijak telefonskog ormarića",
                "STRANA": "L",
                "UDALJENOST_OD_OSI": -3.32,
                "PRUGA": "M501"
            },
            "geometry": {
                "type": "Point",
                "coordinates": [
                    16.81665,
                    46.353111
                ]
            }
        },
        {
            "type": "Feature",
            "properties": {
                "TOCKA": 92080,
                "STACIONAZA": "92+075.25",
                "EHTRS96TM": 524909.48,
                "NHTRS96TM": 5134931.78,
                "H": 135.72,
                "STABILIZACIJA": "Granicni kamen s desne strane pruge",
                "STRANA": "D",
                "UDALJENOST_OD_OSI": 4.97,
                "PRUGA": "M501"
            },
            "geometry": {
                "type": "Point",
                "coordinates": [
                    16.823665,
                    46.353637
                ]
            }
        },
        {
            "type": "Feature",
            "properties": {
                "TOCKA": 92885,
                "STACIONAZA": "92+876.87",
                "EHTRS96TM": 525680.61,
                "NHTRS96TM": 5135150.82,
                "H": 135.267,
                "STABILIZACIJA": "Zadnji srednji vijak telefonskog ormarića s desne strane pruge",
                "STRANA": "D",
                "UDALJENOST_OD_OSI": 2.52,
                "PRUGA": "M501"
            },
            "geometry": {
                "type": "Point",
                "coordinates": [
                    16.833697,
                    46.355579
                ]
            }
        },
        {
            "type": "Feature",
            "properties": {
                "TOCKA": 93830,
                "STACIONAZA": "93+822.62",
                "EHTRS96TM": 526591.27,
                "NHTRS96TM": 5135406.06,
                "H": 135.998,
                "STABILIZACIJA": "Zadnji lijevi vijak signala EjW s desne strane pruge",
                "STRANA": "D",
                "UDALJENOST_OD_OSI": 2.94,
                "PRUGA": "M501"
            },
            "geometry": {
                "type": "Point",
                "coordinates": [
                    16.845544,
                    46.35784
                ]
            }
        },
        {
            "type": "Feature",
            "properties": {
                "TOCKA": 94005,
                "STACIONAZA": "94+001.97",
                "EHTRS96TM": 526763.91,
                "NHTRS96TM": 5135454.62,
                "H": 136.014,
                "STABILIZACIJA": "Zadnji lijevi vijak starog temelja s desne strane pruge",
                "STRANA": "D",
                "UDALJENOST_OD_OSI": 2.85,
                "PRUGA": "M501"
            },
            "geometry": {
                "type": "Point",
                "coordinates": [
                    16.847791,
                    46.358271
                ]
            }
        },
        {
            "type": "Feature",
            "properties": {
                "TOCKA": 94185,
                "STACIONAZA": "94+185.00",
                "EHTRS96TM": 526932.32,
                "NHTRS96TM": 5135501.58,
                "H": 135.1,
                "STABILIZACIJA": "Reper ubetonirani željezni klin u ležaju klupe mosta s desne strane pruge",
                "STRANA": "D",
                "UDALJENOST_OD_OSI": null,
                "PRUGA": "M501"
            },
            "geometry": {
                "type": "Point",
                "coordinates": [
                    16.849982,
                    46.358686
                ]
            }
        },
        {
            "type": "Feature",
            "properties": {
                "TOCKA": "OP1",
                "STACIONAZA": null,
                "EHTRS96TM": 300580.816,
                "NHTRS96TM": 5038095.041,
                "H": 475.678,
                "STABILIZACIJA": "STRABAG - nepoznato faktor skaliranja od OP1 do OP2: 1.0003889",
                "STRANA": null,
                "UDALJENOST_OD_OSI": null,
                "PRUGA": "R101"
            },
            "geometry": {
                "type": "Point",
                "coordinates": [
                    13.950308,
                    45.454315
                ]
            }
        },
        {
            "type": "Feature",
            "properties": {
                "TOCKA": "OP2",
                "STACIONAZA": null,
                "EHTRS96TM": 300531.779,
                "NHTRS96TM": 5037977.574,
                "H": 471.665,
                "STABILIZACIJA": "STRABAG - nepoznato faktor skaliranja od OP2 do OP3: 1.0003892",
                "STRANA": null,
                "UDALJENOST_OD_OSI": null,
                "PRUGA": "R101"
            },
            "geometry": {
                "type": "Point",
                "coordinates": [
                    13.949729,
                    45.453245
                ]
            }
        },
        {
            "type": "Feature",
            "properties": {
                "TOCKA": "OP3",
                "STACIONAZA": null,
                "EHTRS96TM": 300499.41,
                "NHTRS96TM": 5037748.058,
                "H": 467.671,
                "STABILIZACIJA": "STRABAG - nepoznato faktor skaliranja od OP3 do OP4: 1.0003893",
                "STRANA": null,
                "UDALJENOST_OD_OSI": null,
                "PRUGA": "R101"
            },
            "geometry": {
                "type": "Point",
                "coordinates": [
                    13.949409,
                    45.451173
                ]
            }
        },
        {
            "type": "Feature",
            "properties": {
                "TOCKA": "OP4",
                "STACIONAZA": null,
                "EHTRS96TM": 300507.859,
                "NHTRS96TM": 5037649.585,
                "H": 471.918,
                "STABILIZACIJA": "STRABAG - nepoznato faktor skaliranja od OP4 do OP5: 1.0003888",
                "STRANA": null,
                "UDALJENOST_OD_OSI": null,
                "PRUGA": "R101"
            },
            "geometry": {
                "type": "Point",
                "coordinates": [
                    13.949557,
                    45.45029
                ]
            }
        },
        {
            "type": "Feature",
            "properties": {
                "TOCKA": "OP5",
                "STACIONAZA": null,
                "EHTRS96TM": 300604.306,
                "NHTRS96TM": 5037546.998,
                "H": 462.826,
                "STABILIZACIJA": "STRABAG - nepoznato faktor skaliranja od OP5 do OP6: 1.0003878",
                "STRANA": null,
                "UDALJENOST_OD_OSI": null,
                "PRUGA": "R101"
            },
            "geometry": {
                "type": "Point",
                "coordinates": [
                    13.95083,
                    45.449395
                ]
            }
        },
        {
            "type": "Feature",
            "properties": {
                "TOCKA": "OP6",
                "STACIONAZA": null,
                "EHTRS96TM": 300701.972,
                "NHTRS96TM": 5037502.39,
                "H": 460.215,
                "STABILIZACIJA": "STRABAG - nepoznato faktor skaliranja od OP6 do OP7: 1.0003869",
                "STRANA": null,
                "UDALJENOST_OD_OSI": null,
                "PRUGA": "R101"
            },
            "geometry": {
                "type": "Point",
                "coordinates": [
                    13.952096,
                    45.449022
                ]
            }
        },
        {
            "type": "Feature",
            "properties": {
                "TOCKA": "OP7",
                "STACIONAZA": null,
                "EHTRS96TM": 300867.769,
                "NHTRS96TM": 5037479.24,
                "H": 457.458,
                "STABILIZACIJA": "STRABAG - nepoznato faktor skaliranja od OP7 do OP8: 1.000386",
                "STRANA": null,
                "UDALJENOST_OD_OSI": null,
                "PRUGA": "R101"
            },
            "geometry": {
                "type": "Point",
                "coordinates": [
                    13.954222,
                    45.448861
                ]
            }
        },
        {
            "type": "Feature",
            "properties": {
                "TOCKA": "OP8",
                "STACIONAZA": null,
                "EHTRS96TM": 300993.308,
                "NHTRS96TM": 5037423.362,
                "H": 454.5,
                "STABILIZACIJA": "STRABAG - nepoznato faktor skaliranja od OP8 do OP9: 1.0003852",
                "STRANA": null,
                "UDALJENOST_OD_OSI": null,
                "PRUGA": "R101"
            },
            "geometry": {
                "type": "Point",
                "coordinates": [
                    13.955848,
                    45.448395
                ]
            }
        },
        {
            "type": "Feature",
            "properties": {
                "TOCKA": "OP9",
                "STACIONAZA": null,
                "EHTRS96TM": 301236.587,
                "NHTRS96TM": 5037299.423,
                "H": 448.818,
                "STABILIZACIJA": "STRABAG - nepoznato faktor skaliranja od OP9 do OP10: 1.0003845",
                "STRANA": null,
                "UDALJENOST_OD_OSI": null,
                "PRUGA": "R101"
            },
            "geometry": {
                "type": "Point",
                "coordinates": [
                    13.959006,
                    45.44735
                ]
            }
        },
        {
            "type": "Feature",
            "properties": {
                "TOCKA": "OP10",
                "STACIONAZA": null,
                "EHTRS96TM": 301413.032,
                "NHTRS96TM": 5037145.471,
                "H": 444.045,
                "STABILIZACIJA": "STRABAG - nepoznato faktor skaliranja od OP10 do OP11: 1.0003839",
                "STRANA": null,
                "UDALJENOST_OD_OSI": null,
                "PRUGA": "R101"
            },
            "geometry": {
                "type": "Point",
                "coordinates": [
                    13.961321,
                    45.446016
                ]
            }
        },
        {
            "type": "Feature",
            "properties": {
                "TOCKA": "OP11",
                "STACIONAZA": null,
                "EHTRS96TM": 301555.153,
                "NHTRS96TM": 5037015.472,
                "H": 441.406,
                "STABILIZACIJA": "STRABAG - nepoznato faktor skaliranja od OP11 do OP12: 1.0003832",
                "STRANA": null,
                "UDALJENOST_OD_OSI": null,
                "PRUGA": "R101"
            },
            "geometry": {
                "type": "Point",
                "coordinates": [
                    13.963189,
                    45.444887
                ]
            }
        },
        {
            "type": "Feature",
            "properties": {
                "TOCKA": "OP12",
                "STACIONAZA": null,
                "EHTRS96TM": 301641.156,
                "NHTRS96TM": 5036891.364,
                "H": 437.454,
                "STABILIZACIJA": "STRABAG - nepoznato faktor skaliranja od OP12 do OP13: 1.0003825",
                "STRANA": null,
                "UDALJENOST_OD_OSI": null,
                "PRUGA": "R101"
            },
            "geometry": {
                "type": "Point",
                "coordinates": [
                    13.964337,
                    45.443796
                ]
            }
        },
        {
            "type": "Feature",
            "properties": {
                "TOCKA": "OP13",
                "STACIONAZA": null,
                "EHTRS96TM": 301693.253,
                "NHTRS96TM": 5036844.397,
                "H": 436.035,
                "STABILIZACIJA": "STRABAG - nepoznato faktor skaliranja od OP13 do OP14: 1.0003817",
                "STRANA": null,
                "UDALJENOST_OD_OSI": null,
                "PRUGA": "R101"
            },
            "geometry": {
                "type": "Point",
                "coordinates": [
                    13.965021,
                    45.443389
                ]
            }
        },
        {
            "type": "Feature",
            "properties": {
                "TOCKA": "OP14",
                "STACIONAZA": null,
                "EHTRS96TM": 301848.802,
                "NHTRS96TM": 5036686.561,
                "H": 431.159,
                "STABILIZACIJA": "STRABAG - nepoznato faktor skaliranja od OP14 do OP15: 1.000381",
                "STRANA": null,
                "UDALJENOST_OD_OSI": null,
                "PRUGA": "R101"
            },
            "geometry": {
                "type": "Point",
                "coordinates": [
                    13.967071,
                    45.442014
                ]
            }
        },
        {
            "type": "Feature",
            "properties": {
                "TOCKA": "OP15",
                "STACIONAZA": null,
                "EHTRS96TM": 302034.027,
                "NHTRS96TM": 5036539.258,
                "H": 426.564,
                "STABILIZACIJA": "STRABAG - nepoznato faktor skaliranja od OP15 do OP16: 1.0003806",
                "STRANA": null,
                "UDALJENOST_OD_OSI": null,
                "PRUGA": "R101"
            },
            "geometry": {
                "type": "Point",
                "coordinates": [
                    13.969496,
                    45.440742
                ]
            }
        },
        {
            "type": "Feature",
            "properties": {
                "TOCKA": "OP16",
                "STACIONAZA": null,
                "EHTRS96TM": 302169.608,
                "NHTRS96TM": 5036420.529,
                "H": 423.047,
                "STABILIZACIJA": "STRABAG - nepoznato faktor skaliranja od OP16 do OP17: 1.0003801",
                "STRANA": null,
                "UDALJENOST_OD_OSI": null,
                "PRUGA": "R101"
            },
            "geometry": {
                "type": "Point",
                "coordinates": [
                    13.971275,
                    45.439713
                ]
            }
        },
        {
            "type": "Feature",
            "properties": {
                "TOCKA": "OP17",
                "STACIONAZA": null,
                "EHTRS96TM": 302223.988,
                "NHTRS96TM": 5036325.089,
                "H": 420.358,
                "STABILIZACIJA": "STRABAG - nepoznato faktor skaliranja od OP17 do OP18: 1.0003796",
                "STRANA": null,
                "UDALJENOST_OD_OSI": null,
                "PRUGA": "R101"
            },
            "geometry": {
                "type": "Point",
                "coordinates": [
                    13.972008,
                    45.438871
                ]
            }
        },
        {
            "type": "Feature",
            "properties": {
                "TOCKA": "OP18",
                "STACIONAZA": null,
                "EHTRS96TM": 302288.779,
                "NHTRS96TM": 5036195.351,
                "H": 417.304,
                "STABILIZACIJA": "STRABAG - nepoznato faktor skaliranja od OP18 do OP19: 1.0003791",
                "STRANA": null,
                "UDALJENOST_OD_OSI": null,
                "PRUGA": "R101"
            },
            "geometry": {
                "type": "Point",
                "coordinates": [
                    13.972887,
                    45.437723
                ]
            }
        },
        {
            "type": "Feature",
            "properties": {
                "TOCKA": "OP19",
                "STACIONAZA": null,
                "EHTRS96TM": 302424.153,
                "NHTRS96TM": 5035983.112,
                "H": 414.091,
                "STABILIZACIJA": "STRABAG - nepoznato faktor skaliranja od OP19 do OP20: 1.0003785",
                "STRANA": null,
                "UDALJENOST_OD_OSI": null,
                "PRUGA": "R101"
            },
            "geometry": {
                "type": "Point",
                "coordinates": [
                    13.974701,
                    45.435853
                ]
            }
        },
        {
            "type": "Feature",
            "properties": {
                "TOCKA": "OP20",
                "STACIONAZA": null,
                "EHTRS96TM": 302505.427,
                "NHTRS96TM": 5035832.281,
                "H": 408.711,
                "STABILIZACIJA": "STRABAG - nepoznato faktor skaliranja od OP20 do OP21: 1.0003779",
                "STRANA": null,
                "UDALJENOST_OD_OSI": null,
                "PRUGA": "R101"
            },
            "geometry": {
                "type": "Point",
                "coordinates": [
                    13.975799,
                    45.43452
                ]
            }
        },
        {
            "type": "Feature",
            "properties": {
                "TOCKA": "OP21",
                "STACIONAZA": null,
                "EHTRS96TM": 302646.247,
                "NHTRS96TM": 5035615.864,
                "H": 404.009,
                "STABILIZACIJA": "STRABAG - nepoznato faktor skaliranja od OP21 do OP22: 1.0003779",
                "STRANA": null,
                "UDALJENOST_OD_OSI": null,
                "PRUGA": "R101"
            },
            "geometry": {
                "type": "Point",
                "coordinates": [
                    13.977684,
                    45.432614
                ]
            }
        },
        {
            "type": "Feature",
            "properties": {
                "TOCKA": "OP22",
                "STACIONAZA": null,
                "EHTRS96TM": 302751.409,
                "NHTRS96TM": 5035471.587,
                "H": 400.49,
                "STABILIZACIJA": "STRABAG - nepoznato faktor skaliranja od OP22 do OP23: 1.0003772",
                "STRANA": null,
                "UDALJENOST_OD_OSI": null,
                "PRUGA": "R101"
            },
            "geometry": {
                "type": "Point",
                "coordinates": [
                    13.979084,
                    45.431347
                ]
            }
        },
        {
            "type": "Feature",
            "properties": {
                "TOCKA": "OP23",
                "STACIONAZA": null,
                "EHTRS96TM": 302853.606,
                "NHTRS96TM": 5035378.96,
                "H": 397.591,
                "STABILIZACIJA": "STRABAG - nepoznato faktor skaliranja od OP23 do OP24: 1.0003766",
                "STRANA": null,
                "UDALJENOST_OD_OSI": null,
                "PRUGA": "R101"
            },
            "geometry": {
                "type": "Point",
                "coordinates": [
                    13.980426,
                    45.430543
                ]
            }
        },
        {
            "type": "Feature",
            "properties": {
                "TOCKA": "OP24",
                "STACIONAZA": null,
                "EHTRS96TM": 302940.783,
                "NHTRS96TM": 5035228.501,
                "H": 394.005,
                "STABILIZACIJA": "STRABAG - nepoznato faktor skaliranja od OP24 do OP25: 1.0003759",
                "STRANA": null,
                "UDALJENOST_OD_OSI": null,
                "PRUGA": "R101"
            },
            "geometry": {
                "type": "Point",
                "coordinates": [
                    13.9816,
                    45.429215
                ]
            }
        },
        {
            "type": "Feature",
            "properties": {
                "TOCKA": "OP25",
                "STACIONAZA": null,
                "EHTRS96TM": 303078.182,
                "NHTRS96TM": 5035079.093,
                "H": 391.606,
                "STABILIZACIJA": "STRABAG - nepoznato faktor skaliranja od OP25 do OP26: 1.0003756",
                "STRANA": null,
                "UDALJENOST_OD_OSI": null,
                "PRUGA": "R101"
            },
            "geometry": {
                "type": "Point",
                "coordinates": [
                    13.983414,
                    45.42791
                ]
            }
        },
        {
            "type": "Feature",
            "properties": {
                "TOCKA": "OP26",
                "STACIONAZA": null,
                "EHTRS96TM": 303239.683,
                "NHTRS96TM": 5034851.048,
                "H": 392.178,
                "STABILIZACIJA": "STRABAG - nepoznato faktor skaliranja od OP26 do OP27: 1.0003754",
                "STRANA": null,
                "UDALJENOST_OD_OSI": null,
                "PRUGA": "R101"
            },
            "geometry": {
                "type": "Point",
                "coordinates": [
                    13.985567,
                    45.425906
                ]
            }
        },
        {
            "type": "Feature",
            "properties": {
                "TOCKA": "OP27",
                "STACIONAZA": null,
                "EHTRS96TM": 303430.48,
                "NHTRS96TM": 5034707.168,
                "H": 390.694,
                "STABILIZACIJA": "STRABAG - nepoznato faktor skaliranja od OP27 do OP28: 1.0003746",
                "STRANA": null,
                "UDALJENOST_OD_OSI": null,
                "PRUGA": "R101"
            },
            "geometry": {
                "type": "Point",
                "coordinates": [
                    13.98806,
                    45.424666
                ]
            }
        },
        {
            "type": "Feature",
            "properties": {
                "TOCKA": "OP28",
                "STACIONAZA": null,
                "EHTRS96TM": 303569.836,
                "NHTRS96TM": 5034593.832,
                "H": 390.437,
                "STABILIZACIJA": "STRABAG - nepoznato faktor skaliranja od OP28 do OP29: 1.0003738",
                "STRANA": null,
                "UDALJENOST_OD_OSI": null,
                "PRUGA": "R101"
            },
            "geometry": {
                "type": "Point",
                "coordinates": [
                    13.989884,
                    45.423686
                ]
            }
        },
        {
            "type": "Feature",
            "properties": {
                "TOCKA": "OP29",
                "STACIONAZA": null,
                "EHTRS96TM": 303763.288,
                "NHTRS96TM": 5034508.53,
                "H": 390.355,
                "STABILIZACIJA": "STRABAG - nepoznato faktor skaliranja od OP29 do OP30: 1.000373",
                "STRANA": null,
                "UDALJENOST_OD_OSI": null,
                "PRUGA": "R101"
            },
            "geometry": {
                "type": "Point",
                "coordinates": [
                    13.992388,
                    45.422973
                ]
            }
        },
        {
            "type": "Feature",
            "properties": {
                "TOCKA": "OP30",
                "STACIONAZA": null,
                "EHTRS96TM": 303889.637,
                "NHTRS96TM": 5034475.032,
                "H": 390.523,
                "STABILIZACIJA": "STRABAG - nepoznato faktor skaliranja od OP30 do OP31: 1.0003724",
                "STRANA": null,
                "UDALJENOST_OD_OSI": null,
                "PRUGA": "R101"
            },
            "geometry": {
                "type": "Point",
                "coordinates": [
                    13.994014,
                    45.422708
                ]
            }
        },
        {
            "type": "Feature",
            "properties": {
                "TOCKA": "OP31",
                "STACIONAZA": null,
                "EHTRS96TM": 304016.923,
                "NHTRS96TM": 5034459.787,
                "H": 391.429,
                "STABILIZACIJA": "STRABAG - nepoznato faktor skaliranja od OP31 do OP32: 1.0003719",
                "STRANA": null,
                "UDALJENOST_OD_OSI": null,
                "PRUGA": "R101"
            },
            "geometry": {
                "type": "Point",
                "coordinates": [
                    13.995645,
                    45.422606
                ]
            }
        },
        {
            "type": "Feature",
            "properties": {
                "TOCKA": "OP32",
                "STACIONAZA": null,
                "EHTRS96TM": 304112.607,
                "NHTRS96TM": 5034403.331,
                "H": 390.698,
                "STABILIZACIJA": "STRABAG - nepoznato faktor skaliranja od OP32 do OP33: 1.0003714",
                "STRANA": null,
                "UDALJENOST_OD_OSI": null,
                "PRUGA": "R101"
            },
            "geometry": {
                "type": "Point",
                "coordinates": [
                    13.996889,
                    45.422126
                ]
            }
        },
        {
            "type": "Feature",
            "properties": {
                "TOCKA": "OP33",
                "STACIONAZA": null,
                "EHTRS96TM": 304227.149,
                "NHTRS96TM": 5034306.002,
                "H": 391.315,
                "STABILIZACIJA": "STRABAG - nepoznato faktor skaliranja od OP33 do OP34: 1.0003709",
                "STRANA": null,
                "UDALJENOST_OD_OSI": null,
                "PRUGA": "R101"
            },
            "geometry": {
                "type": "Point",
                "coordinates": [
                    13.99839,
                    45.421283
                ]
            }
        },
        {
            "type": "Feature",
            "properties": {
                "TOCKA": "OP34",
                "STACIONAZA": null,
                "EHTRS96TM": 304330.416,
                "NHTRS96TM": 5034262.41,
                "H": 389.499,
                "STABILIZACIJA": "STRABAG - nepoznato faktor skaliranja od OP34 do OP35: 1.0003701",
                "STRANA": null,
                "UDALJENOST_OD_OSI": null,
                "PRUGA": "R101"
            },
            "geometry": {
                "type": "Point",
                "coordinates": [
                    13.999726,
                    45.42092
                ]
            }
        },
        {
            "type": "Feature",
            "properties": {
                "TOCKA": "OP35",
                "STACIONAZA": null,
                "EHTRS96TM": 304536.748,
                "NHTRS96TM": 5034218.904,
                "H": 390.136,
                "STABILIZACIJA": "STRABAG - nepoznato faktor skaliranja od OP35 do OP36: 1.0003691",
                "STRANA": null,
                "UDALJENOST_OD_OSI": null,
                "PRUGA": "R101"
            },
            "geometry": {
                "type": "Point",
                "coordinates": [
                    14.002377,
                    45.420586
                ]
            }
        },
        {
            "type": "Feature",
            "properties": {
                "TOCKA": "OP36",
                "STACIONAZA": null,
                "EHTRS96TM": 304765.501,
                "NHTRS96TM": 5034211.358,
                "H": 389.839,
                "STABILIZACIJA": "STRABAG - nepoznato faktor skaliranja od OP36 do OP37: 1.0003681",
                "STRANA": null,
                "UDALJENOST_OD_OSI": null,
                "PRUGA": "R101"
            },
            "geometry": {
                "type": "Point",
                "coordinates": [
                    14.0053,
                    45.420582
                ]
            }
        },
        {
            "type": "Feature",
            "properties": {
                "TOCKA": "OP37",
                "STACIONAZA": null,
                "EHTRS96TM": 304957.042,
                "NHTRS96TM": 5034158.889,
                "H": 389.164,
                "STABILIZACIJA": "STRABAG - nepoznato faktor skaliranja od OP37 do OP38: 1.0003672",
                "STRANA": null,
                "UDALJENOST_OD_OSI": null,
                "PRUGA": "R101"
            },
            "geometry": {
                "type": "Point",
                "coordinates": [
                    14.007766,
                    45.420164
                ]
            }
        },
        {
            "type": "Feature",
            "properties": {
                "TOCKA": "OP38",
                "STACIONAZA": null,
                "EHTRS96TM": 305143.376,
                "NHTRS96TM": 5034086.908,
                "H": 389.697,
                "STABILIZACIJA": "STRABAG - nepoznato faktor skaliranja od OP38 do OP39: 1.0003665",
                "STRANA": null,
                "UDALJENOST_OD_OSI": null,
                "PRUGA": "R101"
            },
            "geometry": {
                "type": "Point",
                "coordinates": [
                    14.010173,
                    45.419569
                ]
            }
        },
        {
            "type": "Feature",
            "properties": {
                "TOCKA": "OP39",
                "STACIONAZA": null,
                "EHTRS96TM": 305212.276,
                "NHTRS96TM": 5034008.021,
                "H": 389.128,
                "STABILIZACIJA": "STRABAG - nepoznato faktor skaliranja od OP39 do OP40: 1.0003662",
                "STRANA": null,
                "UDALJENOST_OD_OSI": null,
                "PRUGA": "R101"
            },
            "geometry": {
                "type": "Point",
                "coordinates": [
                    14.011084,
                    45.418879
                ]
            }
        },
        {
            "type": "Feature",
            "properties": {
                "TOCKA": "OP40",
                "STACIONAZA": null,
                "EHTRS96TM": 305295.969,
                "NHTRS96TM": 5033900.424,
                "H": 388.89,
                "STABILIZACIJA": "STRABAG - nepoznato faktor skaliranja od OP40 do OP41: 1.0003659",
                "STRANA": null,
                "UDALJENOST_OD_OSI": null,
                "PRUGA": "R101"
            },
            "geometry": {
                "type": "Point",
                "coordinates": [
                    14.012195,
                    45.417935
                ]
            }
        },
        {
            "type": "Feature",
            "properties": {
                "TOCKA": "OP41",
                "STACIONAZA": null,
                "EHTRS96TM": 305350.512,
                "NHTRS96TM": 5033845.499,
                "H": 389.166,
                "STABILIZACIJA": "STRABAG - nepoznato faktor skaliranja od OP41 do OP42: 1.0003652",
                "STRANA": null,
                "UDALJENOST_OD_OSI": null,
                "PRUGA": "R101"
            },
            "geometry": {
                "type": "Point",
                "coordinates": [
                    14.012913,
                    45.417456
                ]
            }
        },
        {
            "type": "Feature",
            "properties": {
                "TOCKA": "OP42",
                "STACIONAZA": null,
                "EHTRS96TM": 305580.234,
                "NHTRS96TM": 5033672.701,
                "H": 388.923,
                "STABILIZACIJA": "STRABAG - nepoznato faktor skaliranja od OP42 do OP43: 1.0003643",
                "STRANA": null,
                "UDALJENOST_OD_OSI": null,
                "PRUGA": "R101"
            },
            "geometry": {
                "type": "Point",
                "coordinates": [
                    14.015913,
                    45.415966
                ]
            }
        },
        {
            "type": "Feature",
            "properties": {
                "TOCKA": "OP43",
                "STACIONAZA": null,
                "EHTRS96TM": 305696.787,
                "NHTRS96TM": 5033511.131,
                "H": 388.724,
                "STABILIZACIJA": "STRABAG - nepoznato faktor skaliranja od OP43 do OP44: 1.0003638",
                "STRANA": null,
                "UDALJENOST_OD_OSI": null,
                "PRUGA": "R101"
            },
            "geometry": {
                "type": "Point",
                "coordinates": [
                    14.017465,
                    45.414546
                ]
            }
        },
        {
            "type": "Feature",
            "properties": {
                "TOCKA": "OP44",
                "STACIONAZA": null,
                "EHTRS96TM": 305790.525,
                "NHTRS96TM": 5033457.054,
                "H": 388.897,
                "STABILIZACIJA": "STRABAG - nepoznato faktor skaliranja od OP44 do OP45: 1.0003631",
                "STRANA": null,
                "UDALJENOST_OD_OSI": null,
                "PRUGA": "R101"
            },
            "geometry": {
                "type": "Point",
                "coordinates": [
                    14.018683,
                    45.414086
                ]
            }
        },
        {
            "type": "Feature",
            "properties": {
                "TOCKA": "OP45",
                "STACIONAZA": null,
                "EHTRS96TM": 305988.871,
                "NHTRS96TM": 5033411.998,
                "H": 388.777,
                "STABILIZACIJA": "STRABAG - nepoznato faktor skaliranja od OP45 do OP46: 1.0003623",
                "STRANA": null,
                "UDALJENOST_OD_OSI": null,
                "PRUGA": "R101"
            },
            "geometry": {
                "type": "Point",
                "coordinates": [
                    14.021232,
                    45.413736
                ]
            }
        },
        {
            "type": "Feature",
            "properties": {
                "TOCKA": "OP46",
                "STACIONAZA": null,
                "EHTRS96TM": 306135.553,
                "NHTRS96TM": 5033316.558,
                "H": 388.529,
                "STABILIZACIJA": "STRABAG - nepoznato faktor skaliranja od OP46 do OP47: 1.0003617",
                "STRANA": null,
                "UDALJENOST_OD_OSI": null,
                "PRUGA": "R101"
            },
            "geometry": {
                "type": "Point",
                "coordinates": [
                    14.023142,
                    45.412919
                ]
            }
        },
        {
            "type": "Feature",
            "properties": {
                "TOCKA": "OP47",
                "STACIONAZA": null,
                "EHTRS96TM": 306247.392,
                "NHTRS96TM": 5033232.25,
                "H": 389.154,
                "STABILIZACIJA": "STRABAG - nepoznato faktor skaliranja od OP47 do OP48: 1.0003613",
                "STRANA": null,
                "UDALJENOST_OD_OSI": null,
                "PRUGA": "R101"
            },
            "geometry": {
                "type": "Point",
                "coordinates": [
                    14.024603,
                    45.412192
                ]
            }
        },
        {
            "type": "Feature",
            "properties": {
                "TOCKA": "OP48",
                "STACIONAZA": null,
                "EHTRS96TM": 306321.798,
                "NHTRS96TM": 5033049.18,
                "H": 388.075,
                "STABILIZACIJA": "STRABAG - nepoznato faktor skaliranja od OP48 do OP49: 1.000361",
                "STRANA": null,
                "UDALJENOST_OD_OSI": null,
                "PRUGA": "R101"
            },
            "geometry": {
                "type": "Point",
                "coordinates": [
                    14.025624,
                    45.410567
                ]
            }
        },
        {
            "type": "Feature",
            "properties": {
                "TOCKA": "OP49",
                "STACIONAZA": null,
                "EHTRS96TM": 306340.268,
                "NHTRS96TM": 5032825.632,
                "H": 388.749,
                "STABILIZACIJA": "STRABAG - nepoznato faktor skaliranja od OP49 do OP50: 1.000361",
                "STRANA": null,
                "UDALJENOST_OD_OSI": null,
                "PRUGA": "R101"
            },
            "geometry": {
                "type": "Point",
                "coordinates": [
                    14.025948,
                    45.408562
                ]
            }
        },
        {
            "type": "Feature",
            "properties": {
                "TOCKA": "OP50",
                "STACIONAZA": null,
                "EHTRS96TM": 306344.131,
                "NHTRS96TM": 5032734.135,
                "H": 390.679,
                "STABILIZACIJA": "STRABAG - nepoznato faktor skaliranja od OP50 do OP51: 1.0003607",
                "STRANA": null,
                "UDALJENOST_OD_OSI": null,
                "PRUGA": "R101"
            },
            "geometry": {
                "type": "Point",
                "coordinates": [
                    14.026033,
                    45.40774
                ]
            }
        },
        {
            "type": "Feature",
            "properties": {
                "TOCKA": "OP51",
                "STACIONAZA": null,
                "EHTRS96TM": 306458.733,
                "NHTRS96TM": 5032558.68,
                "H": 386.14,
                "STABILIZACIJA": "STRABAG - nepoznato faktor skaliranja od OP51 do OP52: 1.0003602",
                "STRANA": null,
                "UDALJENOST_OD_OSI": null,
                "PRUGA": "R101"
            },
            "geometry": {
                "type": "Point",
                "coordinates": [
                    14.027565,
                    45.406195
                ]
            }
        },
        {
            "type": "Feature",
            "properties": {
                "TOCKA": "OP52",
                "STACIONAZA": null,
                "EHTRS96TM": 306551.424,
                "NHTRS96TM": 5032425.475,
                "H": 383.573,
                "STABILIZACIJA": "STRABAG - nepoznato faktor skaliranja od OP52 do OP53: 1.0003599",
                "STRANA": null,
                "UDALJENOST_OD_OSI": null,
                "PRUGA": "R101"
            },
            "geometry": {
                "type": "Point",
                "coordinates": [
                    14.0288,
                    45.405023
                ]
            }
        },
        {
            "type": "Feature",
            "properties": {
                "TOCKA": "OP53",
                "STACIONAZA": null,
                "EHTRS96TM": 306598.944,
                "NHTRS96TM": 5032151.794,
                "H": 384.667,
                "STABILIZACIJA": "STRABAG - nepoznato faktor skaliranja od OP53 do OP54: 1.0003596",
                "STRANA": null,
                "UDALJENOST_OD_OSI": null,
                "PRUGA": "R101"
            },
            "geometry": {
                "type": "Point",
                "coordinates": [
                    14.029514,
                    45.402575
                ]
            }
        },
        {
            "type": "Feature",
            "properties": {
                "TOCKA": "OP54",
                "STACIONAZA": null,
                "EHTRS96TM": 306663.085,
                "NHTRS96TM": 5032050.209,
                "H": 377.944,
                "STABILIZACIJA": "STRABAG - nepoznato faktor skaliranja od OP54 do OP55: 1.0003593",
                "STRANA": null,
                "UDALJENOST_OD_OSI": null,
                "PRUGA": "R101"
            },
            "geometry": {
                "type": "Point",
                "coordinates": [
                    14.030372,
                    45.40168
                ]
            }
        },
        {
            "type": "Feature",
            "properties": {
                "TOCKA": "OP55",
                "STACIONAZA": null,
                "EHTRS96TM": 306745.138,
                "NHTRS96TM": 5031971.92,
                "H": 376.688,
                "STABILIZACIJA": "STRABAG - nepoznato faktor skaliranja od OP55 do OP56: 1.0003585",
                "STRANA": null,
                "UDALJENOST_OD_OSI": null,
                "PRUGA": "R101"
            },
            "geometry": {
                "type": "Point",
                "coordinates": [
                    14.03145,
                    45.400999
                ]
            }
        },
        {
            "type": "Feature",
            "properties": {
                "TOCKA": "OP56",
                "STACIONAZA": null,
                "EHTRS96TM": 307006.641,
                "NHTRS96TM": 5031865.527,
                "H": 372.57,
                "STABILIZACIJA": "STRABAG - nepoznato faktor skaliranja od OP56 do OP57: 1.000359",
                "STRANA": null,
                "UDALJENOST_OD_OSI": null,
                "PRUGA": "R101"
            },
            "geometry": {
                "type": "Point",
                "coordinates": [
                    14.034829,
                    45.400114
                ]
            }
        },
        {
            "type": "Feature",
            "properties": {
                "TOCKA": "OP57",
                "STACIONAZA": null,
                "EHTRS96TM": 307237.922,
                "NHTRS96TM": 5031857.74,
                "H": 371.926,
                "STABILIZACIJA": "STRABAG - nepoznato faktor skaliranja od OP57 do OP58: 1.0003586",
                "STRANA": null,
                "UDALJENOST_OD_OSI": null,
                "PRUGA": "R101"
            },
            "geometry": {
                "type": "Point",
                "coordinates": [
                    14.037783,
                    45.400108
                ]
            }
        },
        {
            "type": "Feature",
            "properties": {
                "TOCKA": "OP58",
                "STACIONAZA": null,
                "EHTRS96TM": 307394.774,
                "NHTRS96TM": 5031897.058,
                "H": 372.187,
                "STABILIZACIJA": "STRABAG - nepoznato faktor skaliranja od OP58 do OP59: 1.0003578",
                "STRANA": null,
                "UDALJENOST_OD_OSI": null,
                "PRUGA": "R101"
            },
            "geometry": {
                "type": "Point",
                "coordinates": [
                    14.039769,
                    45.400505
                ]
            }
        },
        {
            "type": "Feature",
            "properties": {
                "TOCKA": "OP59",
                "STACIONAZA": null,
                "EHTRS96TM": 307583.713,
                "NHTRS96TM": 5031920.655,
                "H": 374.132,
                "STABILIZACIJA": "STRABAG - nepoznato faktor skaliranja od OP59 do OP60: 1.000357",
                "STRANA": null,
                "UDALJENOST_OD_OSI": null,
                "PRUGA": "R101"
            },
            "geometry": {
                "type": "Point",
                "coordinates": [
                    14.042171,
                    45.400769
                ]
            }
        },
        {
            "type": "Feature",
            "properties": {
                "TOCKA": "OP60",
                "STACIONAZA": null,
                "EHTRS96TM": 307823.116,
                "NHTRS96TM": 5031887.681,
                "H": 367.566,
                "STABILIZACIJA": "STRABAG - nepoznato faktor skaliranja od OP60 do OP61: 1.0003566",
                "STRANA": null,
                "UDALJENOST_OD_OSI": null,
                "PRUGA": "R101"
            },
            "geometry": {
                "type": "Point",
                "coordinates": [
                    14.045239,
                    45.400538
                ]
            }
        },
        {
            "type": "Feature",
            "properties": {
                "TOCKA": "OP61",
                "STACIONAZA": null,
                "EHTRS96TM": 307954.852,
                "NHTRS96TM": 5031859.019,
                "H": 365.381,
                "STABILIZACIJA": "STRABAG - nepoznato faktor skaliranja od OP61 do OP62: 1.0003558",
                "STRANA": null,
                "UDALJENOST_OD_OSI": null,
                "PRUGA": "R101"
            },
            "geometry": {
                "type": "Point",
                "coordinates": [
                    14.046932,
                    45.400316
                ]
            }
        },
        {
            "type": "Feature",
            "properties": {
                "TOCKA": "OP62",
                "STACIONAZA": null,
                "EHTRS96TM": 308144.259,
                "NHTRS96TM": 5031792.679,
                "H": 361.28,
                "STABILIZACIJA": "STRABAG - nepoznato faktor skaliranja od OP62 do OP63: 1.000355",
                "STRANA": null,
                "UDALJENOST_OD_OSI": null,
                "PRUGA": "R101"
            },
            "geometry": {
                "type": "Point",
                "coordinates": [
                    14.049375,
                    45.399772
                ]
            }
        },
        {
            "type": "Feature",
            "properties": {
                "TOCKA": "OP63",
                "STACIONAZA": null,
                "EHTRS96TM": 308278.16,
                "NHTRS96TM": 5031814.232,
                "H": 358.843,
                "STABILIZACIJA": "STRABAG - nepoznato faktor skaliranja od OP63 do OP64: 1.0003546",
                "STRANA": null,
                "UDALJENOST_OD_OSI": null,
                "PRUGA": "R101"
            },
            "geometry": {
                "type": "Point",
                "coordinates": [
                    14.051075,
                    45.400002
                ]
            }
        },
        {
            "type": "Feature",
            "properties": {
                "TOCKA": "OP64",
                "STACIONAZA": null,
                "EHTRS96TM": 308410.027,
                "NHTRS96TM": 5031809.909,
                "H": 356.092,
                "STABILIZACIJA": "STRABAG - nepoznato faktor skaliranja od OP64 do OP65: 1.0003542",
                "STRANA": null,
                "UDALJENOST_OD_OSI": null,
                "PRUGA": "R101"
            },
            "geometry": {
                "type": "Point",
                "coordinates": [
                    14.05276,
                    45.4
                ]
            }
        },
        {
            "type": "Feature",
            "properties": {
                "TOCKA": "OP65",
                "STACIONAZA": null,
                "EHTRS96TM": 308515.186,
                "NHTRS96TM": 5031742.508,
                "H": 354.328,
                "STABILIZACIJA": "STRABAG - nepoznato faktor skaliranja od OP65 do OP66: 1.0003534",
                "STRANA": null,
                "UDALJENOST_OD_OSI": null,
                "PRUGA": "R101"
            },
            "geometry": {
                "type": "Point",
                "coordinates": [
                    14.054128,
                    45.399422
                ]
            }
        },
        {
            "type": "Feature",
            "properties": {
                "TOCKA": "OP66",
                "STACIONAZA": null,
                "EHTRS96TM": 308687.852,
                "NHTRS96TM": 5031611.976,
                "H": 353.973,
                "STABILIZACIJA": "STRABAG - nepoznato faktor skaliranja od OP66 do OP67: 1.0003526",
                "STRANA": null,
                "UDALJENOST_OD_OSI": null,
                "PRUGA": "R101"
            },
            "geometry": {
                "type": "Point",
                "coordinates": [
                    14.056382,
                    45.398296
                ]
            }
        },
        {
            "type": "Feature",
            "properties": {
                "TOCKA": "OP67",
                "STACIONAZA": null,
                "EHTRS96TM": 308865.332,
                "NHTRS96TM": 5031456.955,
                "H": 354.142,
                "STABILIZACIJA": "STRABAG - nepoznato faktor skaliranja od OP67 do OP68: 1.0003522",
                "STRANA": null,
                "UDALJENOST_OD_OSI": null,
                "PRUGA": "R101"
            },
            "geometry": {
                "type": "Point",
                "coordinates": [
                    14.058707,
                    45.396951
                ]
            }
        },
        {
            "type": "Feature",
            "properties": {
                "TOCKA": "OP68",
                "STACIONAZA": null,
                "EHTRS96TM": 308918.785,
                "NHTRS96TM": 5031368.977,
                "H": 354.882,
                "STABILIZACIJA": "STRABAG - nepoznato faktor skaliranja od OP68 do OP69: 1.0003518",
                "STRANA": null,
                "UDALJENOST_OD_OSI": null,
                "PRUGA": "R101"
            },
            "geometry": {
                "type": "Point",
                "coordinates": [
                    14.059423,
                    45.396175
                ]
            }
        },
        {
            "type": "Feature",
            "properties": {
                "TOCKA": "OP69",
                "STACIONAZA": null,
                "EHTRS96TM": 308926.885,
                "NHTRS96TM": 5031136.558,
                "H": 357.783,
                "STABILIZACIJA": "STRABAG - nepoznato faktor skaliranja od OP69 do OP70: 1.0003515",
                "STRANA": null,
                "UDALJENOST_OD_OSI": null,
                "PRUGA": "R101"
            },
            "geometry": {
                "type": "Point",
                "coordinates": [
                    14.059616,
                    45.394087
                ]
            }
        },
        {
            "type": "Feature",
            "properties": {
                "TOCKA": "OP70",
                "STACIONAZA": null,
                "EHTRS96TM": 308922.462,
                "NHTRS96TM": 5030987.871,
                "H": 359.826,
                "STABILIZACIJA": "STRABAG - nepoznato faktor skaliranja od OP70 do OP71: 1.0003511",
                "STRANA": null,
                "UDALJENOST_OD_OSI": null,
                "PRUGA": "R101"
            },
            "geometry": {
                "type": "Point",
                "coordinates": [
                    14.059617,
                    45.392749
                ]
            }
        },
        {
            "type": "Feature",
            "properties": {
                "TOCKA": "OP71",
                "STACIONAZA": null,
                "EHTRS96TM": 308970.117,
                "NHTRS96TM": 5030873.591,
                "H": 362.599,
                "STABILIZACIJA": "STRABAG - nepoznato faktor skaliranja od OP71 do OP72: 1.0003507",
                "STRANA": null,
                "UDALJENOST_OD_OSI": null,
                "PRUGA": "R101"
            },
            "geometry": {
                "type": "Point",
                "coordinates": [
                    14.06027,
                    45.391735
                ]
            }
        },
        {
            "type": "Feature",
            "properties": {
                "TOCKA": "OP72",
                "STACIONAZA": null,
                "EHTRS96TM": 309063.257,
                "NHTRS96TM": 5030796.333,
                "H": 363.262,
                "STABILIZACIJA": "STRABAG - nepoznato faktor skaliranja od OP72 do OP73: 1.0003477",
                "STRANA": null,
                "UDALJENOST_OD_OSI": null,
                "PRUGA": "R101"
            },
            "geometry": {
                "type": "Point",
                "coordinates": [
                    14.061488,
                    45.391066
                ]
            }
        },
        {
            "type": "Feature",
            "properties": {
                "TOCKA": "OP73",
                "STACIONAZA": null,
                "EHTRS96TM": 309239.242,
                "NHTRS96TM": 5030739.056,
                "H": 366.574,
                "STABILIZACIJA": "STRABAG - nepoznato faktor skaliranja od OP73 do OP74: 1.0003471",
                "STRANA": null,
                "UDALJENOST_OD_OSI": null,
                "PRUGA": "R101"
            },
            "geometry": {
                "type": "Point",
                "coordinates": [
                    14.063756,
                    45.390599
                ]
            }
        },
        {
            "type": "Feature",
            "properties": {
                "TOCKA": "OP74",
                "STACIONAZA": null,
                "EHTRS96TM": 309327.164,
                "NHTRS96TM": 5030645.81,
                "H": 368.448,
                "STABILIZACIJA": "STRABAG - nepoznato faktor skaliranja od OP74 do OP75: 1.0003467",
                "STRANA": null,
                "UDALJENOST_OD_OSI": null,
                "PRUGA": "R101"
            },
            "geometry": {
                "type": "Point",
                "coordinates": [
                    14.064914,
                    45.389784
                ]
            }
        },
        {
            "type": "Feature",
            "properties": {
                "TOCKA": "OP75",
                "STACIONAZA": null,
                "EHTRS96TM": 309424.764,
                "NHTRS96TM": 5030490.413,
                "H": 371.374,
                "STABILIZACIJA": "STRABAG - nepoznato faktor skaliranja od OP75 do OP76: 1.0003461",
                "STRANA": null,
                "UDALJENOST_OD_OSI": null,
                "PRUGA": "R101"
            },
            "geometry": {
                "type": "Point",
                "coordinates": [
                    14.066219,
                    45.388414
                ]
            }
        },
        {
            "type": "Feature",
            "properties": {
                "TOCKA": "OP76",
                "STACIONAZA": null,
                "EHTRS96TM": 309574.312,
                "NHTRS96TM": 5030395.777,
                "H": 374.058,
                "STABILIZACIJA": "STRABAG - nepoznato faktor skaliranja od OP76 do OP77: 1.0003454",
                "STRANA": null,
                "UDALJENOST_OD_OSI": null,
                "PRUGA": "R101"
            },
            "geometry": {
                "type": "Point",
                "coordinates": [
                    14.068164,
                    45.387603
                ]
            }
        },
        {
            "type": "Feature",
            "properties": {
                "TOCKA": "OP77",
                "STACIONAZA": null,
                "EHTRS96TM": 309730.973,
                "NHTRS96TM": 5030202.796,
                "H": 377.84,
                "STABILIZACIJA": "STRABAG - nepoznato faktor skaliranja od OP77 do OP78: 1.0003446",
                "STRANA": null,
                "UDALJENOST_OD_OSI": null,
                "PRUGA": "R101"
            },
            "geometry": {
                "type": "Point",
                "coordinates": [
                    14.070237,
                    45.385911
                ]
            }
        },
        {
            "type": "Feature",
            "properties": {
                "TOCKA": "OP78",
                "STACIONAZA": null,
                "EHTRS96TM": 309911.504,
                "NHTRS96TM": 5030027.392,
                "H": 382.109,
                "STABILIZACIJA": "STRABAG - nepoznato faktor skaliranja od OP78 do OP79: 1.0003439",
                "STRANA": null,
                "UDALJENOST_OD_OSI": null,
                "PRUGA": "R101"
            },
            "geometry": {
                "type": "Point",
                "coordinates": [
                    14.072608,
                    45.384383
                ]
            }
        },
        {
            "type": "Feature",
            "properties": {
                "TOCKA": "OP79",
                "STACIONAZA": null,
                "EHTRS96TM": 310025.637,
                "NHTRS96TM": 5029868.906,
                "H": 385.431,
                "STABILIZACIJA": "STRABAG - nepoznato faktor skaliranja od OP79 do OP80: 1.0003435",
                "STRANA": null,
                "UDALJENOST_OD_OSI": null,
                "PRUGA": "R101"
            },
            "geometry": {
                "type": "Point",
                "coordinates": [
                    14.074125,
                    45.382989
                ]
            }
        },
        {
            "type": "Feature",
            "properties": {
                "TOCKA": "OP80",
                "STACIONAZA": null,
                "EHTRS96TM": 310068.029,
                "NHTRS96TM": 5029756.748,
                "H": 387.278,
                "STABILIZACIJA": "STRABAG - nepoznato faktor skaliranja od OP80 do OP81: 1.0003434",
                "STRANA": null,
                "UDALJENOST_OD_OSI": null,
                "PRUGA": "R101"
            },
            "geometry": {
                "type": "Point",
                "coordinates": [
                    14.074709,
                    45.381992
                ]
            }
        },
        {
            "type": "Feature",
            "properties": {
                "TOCKA": "OP81",
                "STACIONAZA": null,
                "EHTRS96TM": 310066.053,
                "NHTRS96TM": 5029565.201,
                "H": 390.902,
                "STABILIZACIJA": "STRABAG - nepoznato faktor skaliranja od OP81 do OP82: 1.0003434",
                "STRANA": null,
                "UDALJENOST_OD_OSI": null,
                "PRUGA": "R101"
            },
            "geometry": {
                "type": "Point",
                "coordinates": [
                    14.074757,
                    45.38027
                ]
            }
        },
        {
            "type": "Feature",
            "properties": {
                "TOCKA": "OP82",
                "STACIONAZA": null,
                "EHTRS96TM": 310122.727,
                "NHTRS96TM": 5029452.489,
                "H": 391.97,
                "STABILIZACIJA": "STRABAG - nepoznato faktor skaliranja od OP82 do OP83: 1.0003433",
                "STRANA": null,
                "UDALJENOST_OD_OSI": null,
                "PRUGA": "R101"
            },
            "geometry": {
                "type": "Point",
                "coordinates": [
                    14.075524,
                    45.379272
                ]
            }
        },
        {
            "type": "Feature",
            "properties": {
                "TOCKA": "OP83",
                "STACIONAZA": null,
                "EHTRS96TM": 310189.384,
                "NHTRS96TM": 5029364.973,
                "H": 393.532,
                "STABILIZACIJA": "STRABAG - nepoznato faktor skaliranja od OP83 do OP84: 1.000343",
                "STRANA": null,
                "UDALJENOST_OD_OSI": null,
                "PRUGA": "R101"
            },
            "geometry": {
                "type": "Point",
                "coordinates": [
                    14.076407,
                    45.378503
                ]
            }
        },
        {
            "type": "Feature",
            "properties": {
                "TOCKA": "OP84",
                "STACIONAZA": null,
                "EHTRS96TM": 310238.265,
                "NHTRS96TM": 5029257.843,
                "H": 394.23,
                "STABILIZACIJA": "STRABAG - nepoznato faktor skaliranja od OP84 do OP85: 1.0003427",
                "STRANA": null,
                "UDALJENOST_OD_OSI": null,
                "PRUGA": "R101"
            },
            "geometry": {
                "type": "Point",
                "coordinates": [
                    14.077072,
                    45.377553
                ]
            }
        },
        {
            "type": "Feature",
            "properties": {
                "TOCKA": "OP85",
                "STACIONAZA": null,
                "EHTRS96TM": 310334.311,
                "NHTRS96TM": 5029058.704,
                "H": 393.167,
                "STABILIZACIJA": "STRABAG - nepoznato faktor skaliranja od OP85 do OP86: 1.0003424",
                "STRANA": null,
                "UDALJENOST_OD_OSI": null,
                "PRUGA": "R101"
            },
            "geometry": {
                "type": "Point",
                "coordinates": [
                    14.078374,
                    45.375789
                ]
            }
        },
        {
            "type": "Feature",
            "properties": {
                "TOCKA": "OP86",
                "STACIONAZA": null,
                "EHTRS96TM": 310458.84,
                "NHTRS96TM": 5028824.339,
                "H": 394.39,
                "STABILIZACIJA": "STRABAG - nepoznato faktor skaliranja od OP86 do OP87: 1.0003419",
                "STRANA": null,
                "UDALJENOST_OD_OSI": null,
                "PRUGA": "R101"
            },
            "geometry": {
                "type": "Point",
                "coordinates": [
                    14.080052,
                    45.373715
                ]
            }
        },
        {
            "type": "Feature",
            "properties": {
                "TOCKA": "OP87",
                "STACIONAZA": null,
                "EHTRS96TM": 310586.609,
                "NHTRS96TM": 5028679.045,
                "H": 394.789,
                "STABILIZACIJA": "STRABAG - nepoznato faktor skaliranja od OP87 do OP88: 1.0003409",
                "STRANA": null,
                "UDALJENOST_OD_OSI": null,
                "PRUGA": "R101"
            },
            "geometry": {
                "type": "Point",
                "coordinates": [
                    14.081738,
                    45.372443
                ]
            }
        },
        {
            "type": "Feature",
            "properties": {
                "TOCKA": "OP88",
                "STACIONAZA": null,
                "EHTRS96TM": 310774.12,
                "NHTRS96TM": 5028523.029,
                "H": 394.155,
                "STABILIZACIJA": "STRABAG - nepoznato faktor skaliranja od OP88 do OP89: 1.0003396",
                "STRANA": null,
                "UDALJENOST_OD_OSI": null,
                "PRUGA": "R101"
            },
            "geometry": {
                "type": "Point",
                "coordinates": [
                    14.08419,
                    45.371091
                ]
            }
        },
        {
            "type": "Feature",
            "properties": {
                "TOCKA": "OP89",
                "STACIONAZA": null,
                "EHTRS96TM": 310983.002,
                "NHTRS96TM": 5028328.65,
                "H": 393.769,
                "STABILIZACIJA": "STRABAG - nepoznato faktor skaliranja od OP89 do OP90: 1.0003386",
                "STRANA": null,
                "UDALJENOST_OD_OSI": null,
                "PRUGA": "R101"
            },
            "geometry": {
                "type": "Point",
                "coordinates": [
                    14.086928,
                    45.3694
                ]
            }
        },
        {
            "type": "Feature",
            "properties": {
                "TOCKA": "OP90",
                "STACIONAZA": null,
                "EHTRS96TM": 311223.457,
                "NHTRS96TM": 5028159.659,
                "H": 393.641,
                "STABILIZACIJA": "STRABAG - nepoznato faktor skaliranja od OP90 do OP91: 1.0003378",
                "STRANA": null,
                "UDALJENOST_OD_OSI": null,
                "PRUGA": "R101"
            },
            "geometry": {
                "type": "Point",
                "coordinates": [
                    14.09006,
                    45.367946
                ]
            }
        },
        {
            "type": "Feature",
            "properties": {
                "TOCKA": "OP91",
                "STACIONAZA": null,
                "EHTRS96TM": 311308.457,
                "NHTRS96TM": 5028062.7,
                "H": 394.784,
                "STABILIZACIJA": "STRABAG - nepoznato faktor skaliranja od OP91 do OP92: 1.0003374",
                "STRANA": null,
                "UDALJENOST_OD_OSI": null,
                "PRUGA": "R101"
            },
            "geometry": {
                "type": "Point",
                "coordinates": [
                    14.091181,
                    45.367097
                ]
            }
        },
        {
            "type": "Feature",
            "properties": {
                "TOCKA": "OP92",
                "STACIONAZA": null,
                "EHTRS96TM": 311424.075,
                "NHTRS96TM": 5027857.995,
                "H": 393.309,
                "STABILIZACIJA": "STRABAG - nepoznato faktor skaliranja od OP92 do OP93: 1.0003369",
                "STRANA": null,
                "UDALJENOST_OD_OSI": null,
                "PRUGA": "R101"
            },
            "geometry": {
                "type": "Point",
                "coordinates": [
                    14.092734,
                    45.365287
                ]
            }
        },
        {
            "type": "Feature",
            "properties": {
                "TOCKA": "OP93",
                "STACIONAZA": null,
                "EHTRS96TM": 311536.83,
                "NHTRS96TM": 5027737.004,
                "H": 393.528,
                "STABILIZACIJA": "STRABAG - nepoznato faktor skaliranja od OP93 do OP94: 1.0003362",
                "STRANA": null,
                "UDALJENOST_OD_OSI": null,
                "PRUGA": "R101"
            },
            "geometry": {
                "type": "Point",
                "coordinates": [
                    14.094218,
                    45.36423
                ]
            }
        },
        {
            "type": "Feature",
            "properties": {
                "TOCKA": "OP94",
                "STACIONAZA": null,
                "EHTRS96TM": 311711.998,
                "NHTRS96TM": 5027611.467,
                "H": 393.858,
                "STABILIZACIJA": "STRABAG - nepoznato faktor skaliranja od OP94 do OP95: 1.0003354",
                "STRANA": null,
                "UDALJENOST_OD_OSI": null,
                "PRUGA": "R101"
            },
            "geometry": {
                "type": "Point",
                "coordinates": [
                    14.0965,
                    45.363148
                ]
            }
        },
        {
            "type": "Feature",
            "properties": {
                "TOCKA": "OP95",
                "STACIONAZA": null,
                "EHTRS96TM": 311861.254,
                "NHTRS96TM": 5027452.383,
                "H": 395.074,
                "STABILIZACIJA": "STRABAG - nepoznato faktor skaliranja od OP95 do OP96: 1.0003348",
                "STRANA": null,
                "UDALJENOST_OD_OSI": null,
                "PRUGA": "R101"
            },
            "geometry": {
                "type": "Point",
                "coordinates": [
                    14.098464,
                    45.361758
                ]
            }
        },
        {
            "type": "Feature",
            "properties": {
                "TOCKA": "OP96",
                "STACIONAZA": null,
                "EHTRS96TM": 311971.326,
                "NHTRS96TM": 5027340.592,
                "H": 395.215,
                "STABILIZACIJA": "STRABAG - nepoznato faktor skaliranja od OP96 do OP97: 1.0003342",
                "STRANA": null,
                "UDALJENOST_OD_OSI": null,
                "PRUGA": "R101"
            },
            "geometry": {
                "type": "Point",
                "coordinates": [
                    14.09991,
                    45.360783
                ]
            }
        },
        {
            "type": "Feature",
            "properties": {
                "TOCKA": "OP97",
                "STACIONAZA": null,
                "EHTRS96TM": 312123.242,
                "NHTRS96TM": 5027137.269,
                "H": 396.493,
                "STABILIZACIJA": "STRABAG - nepoznato faktor skaliranja od OP97 do OP98: 1.0003337",
                "STRANA": null,
                "UDALJENOST_OD_OSI": null,
                "PRUGA": "R101"
            },
            "geometry": {
                "type": "Point",
                "coordinates": [
                    14.101925,
                    45.358995
                ]
            }
        },
        {
            "type": "Feature",
            "properties": {
                "TOCKA": "OP98",
                "STACIONAZA": null,
                "EHTRS96TM": 312210.902,
                "NHTRS96TM": 5027032.155,
                "H": 396.241,
                "STABILIZACIJA": "STRABAG - nepoznato faktor skaliranja od OP98 do OP99: 1.0003333",
                "STRANA": null,
                "UDALJENOST_OD_OSI": null,
                "PRUGA": "R101"
            },
            "geometry": {
                "type": "Point",
                "coordinates": [
                    14.103083,
                    45.358074
                ]
            }
        },
        {
            "type": "Feature",
            "properties": {
                "TOCKA": "OP99",
                "STACIONAZA": null,
                "EHTRS96TM": 312299.708,
                "NHTRS96TM": 5026862.875,
                "H": 396.209,
                "STABILIZACIJA": "STRABAG - nepoznato faktor skaliranja od OP99 do OP100: 1.0003328",
                "STRANA": null,
                "UDALJENOST_OD_OSI": null,
                "PRUGA": "R101"
            },
            "geometry": {
                "type": "Point",
                "coordinates": [
                    14.10428,
                    45.356576
                ]
            }
        },
        {
            "type": "Feature",
            "properties": {
                "TOCKA": "OP100",
                "STACIONAZA": null,
                "EHTRS96TM": 312425.195,
                "NHTRS96TM": 5026658.196,
                "H": 397.32,
                "STABILIZACIJA": "STRABAG - nepoznato faktor skaliranja od OP100 do OP101: 1.0003322",
                "STRANA": null,
                "UDALJENOST_OD_OSI": null,
                "PRUGA": "R101"
            },
            "geometry": {
                "type": "Point",
                "coordinates": [
                    14.105958,
                    45.354769
                ]
            }
        },
        {
            "type": "Feature",
            "properties": {
                "TOCKA": "OP101",
                "STACIONAZA": null,
                "EHTRS96TM": 312558.539,
                "NHTRS96TM": 5026474.042,
                "H": 396.263,
                "STABILIZACIJA": "STRABAG - nepoznato faktor skaliranja od OP101 do OP102: 1.0003315",
                "STRANA": null,
                "UDALJENOST_OD_OSI": null,
                "PRUGA": "R101"
            },
            "geometry": {
                "type": "Point",
                "coordinates": [
                    14.107728,
                    45.353149
                ]
            }
        },
        {
            "type": "Feature",
            "properties": {
                "TOCKA": "OP102",
                "STACIONAZA": null,
                "EHTRS96TM": 312709.506,
                "NHTRS96TM": 5026343.971,
                "H": 396.261,
                "STABILIZACIJA": "STRABAG - nepoznato faktor skaliranja od OP102 do OP103: 1.0003311",
                "STRANA": null,
                "UDALJENOST_OD_OSI": null,
                "PRUGA": "R101"
            },
            "geometry": {
                "type": "Point",
                "coordinates": [
                    14.109702,
                    45.35202
                ]
            }
        },
        {
            "type": "Feature",
            "properties": {
                "TOCKA": "OP103",
                "STACIONAZA": null,
                "EHTRS96TM": 312741.844,
                "NHTRS96TM": 5026290.628,
                "H": 396.707,
                "STABILIZACIJA": "STRABAG - nepoznato faktor skaliranja od OP103 do OP104: 1.000331",
                "STRANA": null,
                "UDALJENOST_OD_OSI": null,
                "PRUGA": "R101"
            },
            "geometry": {
                "type": "Point",
                "coordinates": [
                    14.110135,
                    45.351549
                ]
            }
        },
        {
            "type": "Feature",
            "properties": {
                "TOCKA": "OP104",
                "STACIONAZA": null,
                "EHTRS96TM": 312830.88,
                "NHTRS96TM": 5026206.26,
                "H": 397.065,
                "STABILIZACIJA": "STRABAG - nepoznato faktor skaliranja od OP104 do OP105: 1.000331",
                "STRANA": null,
                "UDALJENOST_OD_OSI": null,
                "PRUGA": "R101"
            },
            "geometry": {
                "type": "Point",
                "coordinates": [
                    14.111302,
                    45.350814
                ]
            }
        },
        {
            "type": "Feature",
            "properties": {
                "TOCKA": "OP105",
                "STACIONAZA": null,
                "EHTRS96TM": 312865.577,
                "NHTRS96TM": 5026095.931,
                "H": 396.594,
                "STABILIZACIJA": "STRABAG - nepoznato faktor skaliranja od OP105 do OP106: 1.000331",
                "STRANA": null,
                "UDALJENOST_OD_OSI": null,
                "PRUGA": "R101"
            },
            "geometry": {
                "type": "Point",
                "coordinates": [
                    14.111786,
                    45.349831
                ]
            }
        },
        {
            "type": "Feature",
            "properties": {
                "TOCKA": "OP106",
                "STACIONAZA": null,
                "EHTRS96TM": 312854.366,
                "NHTRS96TM": 5025997.513,
                "H": 395.477,
                "STABILIZACIJA": "STRABAG - nepoznato faktor skaliranja od OP106 do OP107: 1.000331",
                "STRANA": null,
                "UDALJENOST_OD_OSI": null,
                "PRUGA": "R101"
            },
            "geometry": {
                "type": "Point",
                "coordinates": [
                    14.11168,
                    45.348943
                ]
            }
        },
        {
            "type": "Feature",
            "properties": {
                "TOCKA": "OP107",
                "STACIONAZA": null,
                "EHTRS96TM": 312804.646,
                "NHTRS96TM": 5025907.911,
                "H": 393.588,
                "STABILIZACIJA": "STRABAG - nepoznato faktor skaliranja od OP107 do OP108: 1.000331",
                "STRANA": null,
                "UDALJENOST_OD_OSI": null,
                "PRUGA": "R101"
            },
            "geometry": {
                "type": "Point",
                "coordinates": [
                    14.11108,
                    45.348125
                ]
            }
        },
        {
            "type": "Feature",
            "properties": {
                "TOCKA": "OP108",
                "STACIONAZA": null,
                "EHTRS96TM": 312723.001,
                "NHTRS96TM": 5025838.884,
                "H": 391.199,
                "STABILIZACIJA": "STRABAG - nepoznato faktor skaliranja od OP108 do OP109: 1.000331",
                "STRANA": null,
                "UDALJENOST_OD_OSI": null,
                "PRUGA": "R101"
            },
            "geometry": {
                "type": "Point",
                "coordinates": [
                    14.110065,
                    45.347482
                ]
            }
        },
        {
            "type": "Feature",
            "properties": {
                "TOCKA": "OP109",
                "STACIONAZA": null,
                "EHTRS96TM": 312603.113,
                "NHTRS96TM": 5025811.44,
                "H": 389.07,
                "STABILIZACIJA": "STRABAG - nepoznato faktor skaliranja od OP109 do OP110: 1.000332",
                "STRANA": null,
                "UDALJENOST_OD_OSI": null,
                "PRUGA": "R101"
            },
            "geometry": {
                "type": "Point",
                "coordinates": [
                    14.108547,
                    45.347203
                ]
            }
        },
        {
            "type": "Feature",
            "properties": {
                "TOCKA": "OP110",
                "STACIONAZA": null,
                "EHTRS96TM": 312483.832,
                "NHTRS96TM": 5025827.726,
                "H": 386.216,
                "STABILIZACIJA": "STRABAG - nepoznato faktor skaliranja od OP110 do OP111: 1.000332",
                "STRANA": null,
                "UDALJENOST_OD_OSI": null,
                "PRUGA": "R101"
            },
            "geometry": {
                "type": "Point",
                "coordinates": [
                    14.10702,
                    45.347318
                ]
            }
        },
        {
            "type": "Feature",
            "properties": {
                "TOCKA": "OP111",
                "STACIONAZA": null,
                "EHTRS96TM": 312402.308,
                "NHTRS96TM": 5025881.197,
                "H": 384.334,
                "STABILIZACIJA": "STRABAG - nepoznato faktor skaliranja od OP111 do OP112: 1.000333",
                "STRANA": null,
                "UDALJENOST_OD_OSI": null,
                "PRUGA": "R101"
            },
            "geometry": {
                "type": "Point",
                "coordinates": [
                    14.10596,
                    45.347777
                ]
            }
        },
        {
            "type": "Feature",
            "properties": {
                "TOCKA": "OP112",
                "STACIONAZA": null,
                "EHTRS96TM": 312213.696,
                "NHTRS96TM": 5026059.977,
                "H": 379.439,
                "STABILIZACIJA": "STRABAG - nepoznato faktor skaliranja od OP112 do OP113: 1.000334",
                "STRANA": null,
                "UDALJENOST_OD_OSI": null,
                "PRUGA": "R101"
            },
            "geometry": {
                "type": "Point",
                "coordinates": [
                    14.103488,
                    45.349334
                ]
            }
        },
        {
            "type": "Feature",
            "properties": {
                "TOCKA": "OP113",
                "STACIONAZA": null,
                "EHTRS96TM": 312070.565,
                "NHTRS96TM": 5026172.131,
                "H": 377.278,
                "STABILIZACIJA": "STRABAG - nepoznato faktor skaliranja od OP113 do OP114: 1.000334",
                "STRANA": null,
                "UDALJENOST_OD_OSI": null,
                "PRUGA": "R101"
            },
            "geometry": {
                "type": "Point",
                "coordinates": [
                    14.10162,
                    45.350304
                ]
            }
        },
        {
            "type": "Feature",
            "properties": {
                "TOCKA": "OP114",
                "STACIONAZA": null,
                "EHTRS96TM": 311984.381,
                "NHTRS96TM": 5026231.388,
                "H": 373.778,
                "STABILIZACIJA": "STRABAG - nepoznato faktor skaliranja od OP114 do OP115: 1.000335",
                "STRANA": null,
                "UDALJENOST_OD_OSI": null,
                "PRUGA": "R101"
            },
            "geometry": {
                "type": "Point",
                "coordinates": [
                    14.100499,
                    45.350814
                ]
            }
        },
        {
            "type": "Feature",
            "properties": {
                "TOCKA": "OP115",
                "STACIONAZA": null,
                "EHTRS96TM": 311790.759,
                "NHTRS96TM": 5026296.256,
                "H": 369.348,
                "STABILIZACIJA": "STRABAG - nepoznato faktor skaliranja od OP115 do OP116: 1.000336",
                "STRANA": null,
                "UDALJENOST_OD_OSI": null,
                "PRUGA": "R101"
            },
            "geometry": {
                "type": "Point",
                "coordinates": [
                    14.098005,
                    45.351345
                ]
            }
        },
        {
            "type": "Feature",
            "properties": {
                "TOCKA": "OP116",
                "STACIONAZA": null,
                "EHTRS96TM": 311578.5,
                "NHTRS96TM": 5026310.263,
                "H": 364.849,
                "STABILIZACIJA": "STRABAG - nepoznato faktor skaliranja od OP116 do OP117: 1.000337",
                "STRANA": null,
                "UDALJENOST_OD_OSI": null,
                "PRUGA": "R101"
            },
            "geometry": {
                "type": "Point",
                "coordinates": [
                    14.095293,
                    45.351414
                ]
            }
        },
        {
            "type": "Feature",
            "properties": {
                "TOCKA": "OP117",
                "STACIONAZA": null,
                "EHTRS96TM": 311378.611,
                "NHTRS96TM": 5026301.047,
                "H": 361.023,
                "STABILIZACIJA": "STRABAG - nepoznato faktor skaliranja od OP117 do OP118: 1.000338",
                "STRANA": null,
                "UDALJENOST_OD_OSI": null,
                "PRUGA": "R101"
            },
            "geometry": {
                "type": "Point",
                "coordinates": [
                    14.092748,
                    45.351277
                ]
            }
        },
        {
            "type": "Feature",
            "properties": {
                "TOCKA": "OP118",
                "STACIONAZA": null,
                "EHTRS96TM": 311105.858,
                "NHTRS96TM": 5026264.812,
                "H": 355.061,
                "STABILIZACIJA": "STRABAG - nepoznato faktor skaliranja od OP118 do OP119: 1.000339",
                "STRANA": null,
                "UDALJENOST_OD_OSI": null,
                "PRUGA": "R101"
            },
            "geometry": {
                "type": "Point",
                "coordinates": [
                    14.089284,
                    45.350878
                ]
            }
        },
        {
            "type": "Feature",
            "properties": {
                "TOCKA": "OP119",
                "STACIONAZA": null,
                "EHTRS96TM": 310994.751,
                "NHTRS96TM": 5026283.916,
                "H": 353.68,
                "STABILIZACIJA": "STRABAG - nepoznato faktor skaliranja od OP119 do OP120: 1.000339",
                "STRANA": null,
                "UDALJENOST_OD_OSI": null,
                "PRUGA": "R101"
            },
            "geometry": {
                "type": "Point",
                "coordinates": [
                    14.08786,
                    45.35102
                ]
            }
        },
        {
            "type": "Feature",
            "properties": {
                "TOCKA": "OP120",
                "STACIONAZA": null,
                "EHTRS96TM": 310884.185,
                "NHTRS96TM": 5026344.648,
                "H": 354.101,
                "STABILIZACIJA": "STRABAG - nepoznato faktor skaliranja od OP120 do OP121: 1.00034",
                "STRANA": null,
                "UDALJENOST_OD_OSI": null,
                "PRUGA": "R101"
            },
            "geometry": {
                "type": "Point",
                "coordinates": [
                    14.086427,
                    45.351536
                ]
            }
        },
        {
            "type": "Feature",
            "properties": {
                "TOCKA": "OP121",
                "STACIONAZA": null,
                "EHTRS96TM": 310770.333,
                "NHTRS96TM": 5026361.146,
                "H": 349.436,
                "STABILIZACIJA": "STRABAG - nepoznato faktor skaliranja od OP121 do OP122: 1.00034",
                "STRANA": null,
                "UDALJENOST_OD_OSI": null,
                "PRUGA": "R101"
            },
            "geometry": {
                "type": "Point",
                "coordinates": [
                    14.084969,
                    45.351654
                ]
            }
        },
        {
            "type": "Feature",
            "properties": {
                "TOCKA": "OP122",
                "STACIONAZA": null,
                "EHTRS96TM": 310673.48,
                "NHTRS96TM": 5026324.576,
                "H": 346.622,
                "STABILIZACIJA": "STRABAG - nepoznato faktor skaliranja od OP122 do OP123: 1.000341",
                "STRANA": null,
                "UDALJENOST_OD_OSI": null,
                "PRUGA": "R101"
            },
            "geometry": {
                "type": "Point",
                "coordinates": [
                    14.083748,
                    45.351299
                ]
            }
        },
        {
            "type": "Feature",
            "properties": {
                "TOCKA": "OP123",
                "STACIONAZA": null,
                "EHTRS96TM": 310595.441,
                "NHTRS96TM": 5026269.462,
                "H": 344.559,
                "STABILIZACIJA": "STRABAG - nepoznato faktor skaliranja od OP123 do OP124: 1.000341",
                "STRANA": null,
                "UDALJENOST_OD_OSI": null,
                "PRUGA": "R101"
            },
            "geometry": {
                "type": "Point",
                "coordinates": [
                    14.082774,
                    45.350782
                ]
            }
        },
        {
            "type": "Feature",
            "properties": {
                "TOCKA": "OP124",
                "STACIONAZA": null,
                "EHTRS96TM": 310537.85,
                "NHTRS96TM": 5026114.321,
                "H": 340.924,
                "STABILIZACIJA": "STRABAG - nepoznato faktor skaliranja od OP124 do OP125: 1.000341",
                "STRANA": null,
                "UDALJENOST_OD_OSI": null,
                "PRUGA": "R101"
            },
            "geometry": {
                "type": "Point",
                "coordinates": [
                    14.082099,
                    45.349372
                ]
            }
        },
        {
            "type": "Feature",
            "properties": {
                "TOCKA": "OP125",
                "STACIONAZA": null,
                "EHTRS96TM": 310578.985,
                "NHTRS96TM": 5025927.067,
                "H": 337.403,
                "STABILIZACIJA": "STRABAG - nepoznato faktor skaliranja od OP125 do OP126: 1.000341",
                "STRANA": null,
                "UDALJENOST_OD_OSI": null,
                "PRUGA": "R101"
            },
            "geometry": {
                "type": "Point",
                "coordinates": [
                    14.082695,
                    45.347699
                ]
            }
        },
        {
            "type": "Feature",
            "properties": {
                "TOCKA": "OP126",
                "STACIONAZA": null,
                "EHTRS96TM": 310566.523,
                "NHTRS96TM": 5025816.931,
                "H": 335.373,
                "STABILIZACIJA": "STRABAG - nepoznato faktor skaliranja od OP126 do OP127: 1.000341",
                "STRANA": null,
                "UDALJENOST_OD_OSI": null,
                "PRUGA": "R101"
            },
            "geometry": {
                "type": "Point",
                "coordinates": [
                    14.082578,
                    45.346706
                ]
            }
        },
        {
            "type": "Feature",
            "properties": {
                "TOCKA": "OP127",
                "STACIONAZA": null,
                "EHTRS96TM": 310503.663,
                "NHTRS96TM": 5025713.826,
                "H": 334.304,
                "STABILIZACIJA": "STRABAG - nepoznato faktor skaliranja od OP127 do OP128: 1.000342",
                "STRANA": null,
                "UDALJENOST_OD_OSI": null,
                "PRUGA": "R101"
            },
            "geometry": {
                "type": "Point",
                "coordinates": [
                    14.081816,
                    45.345762
                ]
            }
        },
        {
            "type": "Feature",
            "properties": {
                "TOCKA": "OP128",
                "STACIONAZA": null,
                "EHTRS96TM": 310393.348,
                "NHTRS96TM": 5025655.131,
                "H": 330.183,
                "STABILIZACIJA": "STRABAG - nepoznato faktor skaliranja od OP128 do OP129: 1.000343",
                "STRANA": null,
                "UDALJENOST_OD_OSI": null,
                "PRUGA": "R101"
            },
            "geometry": {
                "type": "Point",
                "coordinates": [
                    14.080432,
                    45.345204
                ]
            }
        },
        {
            "type": "Feature",
            "properties": {
                "TOCKA": "OP129",
                "STACIONAZA": null,
                "EHTRS96TM": 310221.587,
                "NHTRS96TM": 5025642.182,
                "H": 326.961,
                "STABILIZACIJA": "STRABAG - nepoznato faktor skaliranja od OP129 do OP130: 1.000344",
                "STRANA": null,
                "UDALJENOST_OD_OSI": null,
                "PRUGA": "R101"
            },
            "geometry": {
                "type": "Point",
                "coordinates": [
                    14.078248,
                    45.345042
                ]
            }
        },
        {
            "type": "Feature",
            "properties": {
                "TOCKA": "OP130",
                "STACIONAZA": null,
                "EHTRS96TM": 309993.559,
                "NHTRS96TM": 5025641.877,
                "H": 322.601,
                "STABILIZACIJA": "STRABAG - nepoznato faktor skaliranja od OP130 do OP131: 1.000345",
                "STRANA": null,
                "UDALJENOST_OD_OSI": null,
                "PRUGA": "R101"
            },
            "geometry": {
                "type": "Point",
                "coordinates": [
                    14.07534,
                    45.344977
                ]
            }
        },
        {
            "type": "Feature",
            "properties": {
                "TOCKA": "OP131",
                "STACIONAZA": null,
                "EHTRS96TM": 309887.949,
                "NHTRS96TM": 5025605.483,
                "H": 319.038,
                "STABILIZACIJA": "STRABAG - nepoznato faktor skaliranja od OP131 do OP132: 1.000345",
                "STRANA": null,
                "UDALJENOST_OD_OSI": null,
                "PRUGA": "R101"
            },
            "geometry": {
                "type": "Point",
                "coordinates": [
                    14.074008,
                    45.344621
                ]
            }
        },
        {
            "type": "Feature",
            "properties": {
                "TOCKA": "OP132",
                "STACIONAZA": null,
                "EHTRS96TM": 309782.558,
                "NHTRS96TM": 5025508.471,
                "H": 318.636,
                "STABILIZACIJA": "STRABAG - nepoznato faktor skaliranja od OP132 do OP133: 1.0003448",
                "STRANA": null,
                "UDALJENOST_OD_OSI": null,
                "PRUGA": "R101"
            },
            "geometry": {
                "type": "Point",
                "coordinates": [
                    14.072702,
                    45.34372
                ]
            }
        },
        {
            "type": "Feature",
            "properties": {
                "TOCKA": "OP133",
                "STACIONAZA": null,
                "EHTRS96TM": 309753.519,
                "NHTRS96TM": 5025353.081,
                "H": 314.267,
                "STABILIZACIJA": "STRABAG - nepoznato faktor skaliranja od OP133 do OP134: 1.0003449",
                "STRANA": null,
                "UDALJENOST_OD_OSI": null,
                "PRUGA": "R101"
            },
            "geometry": {
                "type": "Point",
                "coordinates": [
                    14.072391,
                    45.342316
                ]
            }
        },
        {
            "type": "Feature",
            "properties": {
                "TOCKA": "OP134",
                "STACIONAZA": null,
                "EHTRS96TM": 309739.884,
                "NHTRS96TM": 5025068.618,
                "H": 308.818,
                "STABILIZACIJA": "STRABAG - nepoznato faktor skaliranja od OP134 do OP135: 1.000345",
                "STRANA": null,
                "UDALJENOST_OD_OSI": null,
                "PRUGA": "R101"
            },
            "geometry": {
                "type": "Point",
                "coordinates": [
                    14.072327,
                    45.339754
                ]
            }
        },
        {
            "type": "Feature",
            "properties": {
                "TOCKA": "OP135",
                "STACIONAZA": null,
                "EHTRS96TM": 309733.678,
                "NHTRS96TM": 5024890.961,
                "H": 308.298,
                "STABILIZACIJA": "STRABAG - nepoznato faktor skaliranja od OP135 do OP136: 1.0003451",
                "STRANA": null,
                "UDALJENOST_OD_OSI": null,
                "PRUGA": "R101"
            },
            "geometry": {
                "type": "Point",
                "coordinates": [
                    14.072316,
                    45.338155
                ]
            }
        },
        {
            "type": "Feature",
            "properties": {
                "TOCKA": "OP136",
                "STACIONAZA": null,
                "EHTRS96TM": 309666.862,
                "NHTRS96TM": 5024784.417,
                "H": 308.793,
                "STABILIZACIJA": "STRABAG - nepoznato faktor skaliranja od OP136 do OP137: 1.0003457",
                "STRANA": null,
                "UDALJENOST_OD_OSI": null,
                "PRUGA": "R101"
            },
            "geometry": {
                "type": "Point",
                "coordinates": [
                    14.071505,
                    45.337179
                ]
            }
        },
        {
            "type": "Feature",
            "properties": {
                "TOCKA": "OP137",
                "STACIONAZA": null,
                "EHTRS96TM": 309516.663,
                "NHTRS96TM": 5024687.924,
                "H": 309.543,
                "STABILIZACIJA": "STRABAG - nepoznato faktor skaliranja od OP137 do OP138: 1.0003462",
                "STRANA": null,
                "UDALJENOST_OD_OSI": null,
                "PRUGA": "R101"
            },
            "geometry": {
                "type": "Point",
                "coordinates": [
                    14.069627,
                    45.336271
                ]
            }
        },
        {
            "type": "Feature",
            "properties": {
                "TOCKA": "OP138",
                "STACIONAZA": null,
                "EHTRS96TM": 309445.462,
                "NHTRS96TM": 5024565.096,
                "H": 309.744,
                "STABILIZACIJA": "STRABAG - nepoznato faktor skaliranja od OP138 do OP139: 1.0003463",
                "STRANA": null,
                "UDALJENOST_OD_OSI": null,
                "PRUGA": "R101"
            },
            "geometry": {
                "type": "Point",
                "coordinates": [
                    14.068767,
                    45.335148
                ]
            }
        },
        {
            "type": "Feature",
            "properties": {
                "TOCKA": "OP139",
                "STACIONAZA": null,
                "EHTRS96TM": 309451.968,
                "NHTRS96TM": 5024439.806,
                "H": 310.521,
                "STABILIZACIJA": "STRABAG - nepoznato faktor skaliranja od OP139 do OP140: 1.0003462",
                "STRANA": null,
                "UDALJENOST_OD_OSI": null,
                "PRUGA": "R101"
            },
            "geometry": {
                "type": "Point",
                "coordinates": [
                    14.068898,
                    45.334023
                ]
            }
        },
        {
            "type": "Feature",
            "properties": {
                "TOCKA": "OP140",
                "STACIONAZA": null,
                "EHTRS96TM": 309535.383,
                "NHTRS96TM": 5024279.278,
                "H": 313.8,
                "STABILIZACIJA": "STRABAG - nepoznato faktor skaliranja od OP140 do OP141: 1.0003462",
                "STRANA": null,
                "UDALJENOST_OD_OSI": null,
                "PRUGA": "R101"
            },
            "geometry": {
                "type": "Point",
                "coordinates": [
                    14.070023,
                    45.332602
                ]
            }
        },
        {
            "type": "Feature",
            "properties": {
                "TOCKA": "OP141",
                "STACIONAZA": null,
                "EHTRS96TM": 309544.754,
                "NHTRS96TM": 5024178.225,
                "H": 316.953,
                "STABILIZACIJA": "STRABAG - nepoznato faktor skaliranja od OP141 do OP142: 1.000346",
                "STRANA": null,
                "UDALJENOST_OD_OSI": null,
                "PRUGA": "R101"
            },
            "geometry": {
                "type": "Point",
                "coordinates": [
                    14.070182,
                    45.331696
                ]
            }
        },
        {
            "type": "Feature",
            "properties": {
                "TOCKA": "OP142",
                "STACIONAZA": null,
                "EHTRS96TM": 309495.015,
                "NHTRS96TM": 5024065.737,
                "H": 319.032,
                "STABILIZACIJA": "STRABAG - nepoznato faktor skaliranja od OP142 do OP143: 1.000346",
                "STRANA": null,
                "UDALJENOST_OD_OSI": null,
                "PRUGA": "R101"
            },
            "geometry": {
                "type": "Point",
                "coordinates": [
                    14.069591,
                    45.330671
                ]
            }
        },
        {
            "type": "Feature",
            "properties": {
                "TOCKA": "OP143",
                "STACIONAZA": null,
                "EHTRS96TM": 309428.605,
                "NHTRS96TM": 5023951.357,
                "H": 321.867,
                "STABILIZACIJA": "STRABAG - nepoznato faktor skaliranja od OP143 do OP144: 1.000346",
                "STRANA": null,
                "UDALJENOST_OD_OSI": null,
                "PRUGA": "R101"
            },
            "geometry": {
                "type": "Point",
                "coordinates": [
                    14.068788,
                    45.329625
                ]
            }
        },
        {
            "type": "Feature",
            "properties": {
                "TOCKA": "OP144",
                "STACIONAZA": null,
                "EHTRS96TM": 309399.465,
                "NHTRS96TM": 5023876.463,
                "H": 322.445,
                "STABILIZACIJA": "STRABAG - nepoznato faktor skaliranja od OP144 do OP145: 1.0003459",
                "STRANA": null,
                "UDALJENOST_OD_OSI": null,
                "PRUGA": "R101"
            },
            "geometry": {
                "type": "Point",
                "coordinates": [
                    14.068446,
                    45.328944
                ]
            }
        },
        {
            "type": "Feature",
            "properties": {
                "TOCKA": "OP145",
                "STACIONAZA": null,
                "EHTRS96TM": 309404.616,
                "NHTRS96TM": 5023766.758,
                "H": 326.145,
                "STABILIZACIJA": "STRABAG - nepoznato faktor skaliranja od OP145 do T1: 1.0003458",
                "STRANA": null,
                "UDALJENOST_OD_OSI": null,
                "PRUGA": "R101"
            },
            "geometry": {
                "type": "Point",
                "coordinates": [
                    14.068554,
                    45.327959
                ]
            }
        },
        {
            "type": "Feature",
            "properties": {
                "TOCKA": "T1",
                "STACIONAZA": null,
                "EHTRS96TM": 309425.766,
                "NHTRS96TM": 5023705.926,
                "H": 327.216,
                "STABILIZACIJA": "STRABAG - nepoznato faktor skaliranja od T1 do T2: 1.0003458",
                "STRANA": null,
                "UDALJENOST_OD_OSI": null,
                "PRUGA": "R101"
            },
            "geometry": {
                "type": "Point",
                "coordinates": [
                    14.068847,
                    45.327418
                ]
            }
        },
        {
            "type": "Feature",
            "properties": {
                "TOCKA": "T2",
                "STACIONAZA": null,
                "EHTRS96TM": 309476.033,
                "NHTRS96TM": 5023616.494,
                "H": 329.087,
                "STABILIZACIJA": "STRABAG - nepoznato faktor skaliranja od T2 do T3: 1.0003457",
                "STRANA": null,
                "UDALJENOST_OD_OSI": null,
                "PRUGA": "R101"
            },
            "geometry": {
                "type": "Point",
                "coordinates": [
                    14.069522,
                    45.326627
                ]
            }
        },
        {
            "type": "Feature",
            "properties": {
                "TOCKA": "T3",
                "STACIONAZA": null,
                "EHTRS96TM": 309531.915,
                "NHTRS96TM": 5023522.523,
                "H": 331.306,
                "STABILIZACIJA": "STRABAG - nepoznato faktor skaliranja od T3 do OP146: 1.0003456",
                "STRANA": null,
                "UDALJENOST_OD_OSI": null,
                "PRUGA": "R101"
            },
            "geometry": {
                "type": "Point",
                "coordinates": [
                    14.07027,
                    45.325798
                ]
            }
        },
        {
            "type": "Feature",
            "properties": {
                "TOCKA": "OP146",
                "STACIONAZA": null,
                "EHTRS96TM": 309607.583,
                "NHTRS96TM": 5023392.292,
                "H": 333.851,
                "STABILIZACIJA": "STRABAG - nepoznato faktor skaliranja od OP146 do OP147: 1.0003456",
                "STRANA": null,
                "UDALJENOST_OD_OSI": null,
                "PRUGA": "R101"
            },
            "geometry": {
                "type": "Point",
                "coordinates": [
                    14.071285,
                    45.324647
                ]
            }
        },
        {
            "type": "Feature",
            "properties": {
                "TOCKA": "OP147",
                "STACIONAZA": null,
                "EHTRS96TM": 309617.242,
                "NHTRS96TM": 5023230.912,
                "H": 330.306,
                "STABILIZACIJA": "STRABAG - nepoznato faktor skaliranja od OP147 do OP148: 1.0003457",
                "STRANA": null,
                "UDALJENOST_OD_OSI": null,
                "PRUGA": "R101"
            },
            "geometry": {
                "type": "Point",
                "coordinates": [
                    14.07147,
                    45.323199
                ]
            }
        },
        {
            "type": "Feature",
            "properties": {
                "TOCKA": "OP148",
                "STACIONAZA": null,
                "EHTRS96TM": 309527.947,
                "NHTRS96TM": 5023025.89,
                "H": 325.643,
                "STABILIZACIJA": "STRABAG - nepoznato faktor skaliranja od OP148 do OP149: 1.0003462",
                "STRANA": null,
                "UDALJENOST_OD_OSI": null,
                "PRUGA": "R101"
            },
            "geometry": {
                "type": "Point",
                "coordinates": [
                    14.070411,
                    45.321332
                ]
            }
        },
        {
            "type": "Feature",
            "properties": {
                "TOCKA": "OP149",
                "STACIONAZA": null,
                "EHTRS96TM": 309433.582,
                "NHTRS96TM": 5022823.67,
                "H": 321.115,
                "STABILIZACIJA": "STRABAG - nepoznato faktor skaliranja od OP149 do OP150: 1.0003468",
                "STRANA": null,
                "UDALJENOST_OD_OSI": null,
                "PRUGA": "R101"
            },
            "geometry": {
                "type": "Point",
                "coordinates": [
                    14.069286,
                    45.319488
                ]
            }
        },
        {
            "type": "Feature",
            "properties": {
                "TOCKA": "OP150",
                "STACIONAZA": null,
                "EHTRS96TM": 309279.127,
                "NHTRS96TM": 5022642.996,
                "H": 318.746,
                "STABILIZACIJA": "STRABAG - nepoznato faktor skaliranja od OP150 do OP151: 1.0003475",
                "STRANA": null,
                "UDALJENOST_OD_OSI": null,
                "PRUGA": "R101"
            },
            "geometry": {
                "type": "Point",
                "coordinates": [
                    14.067387,
                    45.317822
                ]
            }
        },
        {
            "type": "Feature",
            "properties": {
                "TOCKA": "OP151",
                "STACIONAZA": null,
                "EHTRS96TM": 309137.952,
                "NHTRS96TM": 5022468.385,
                "H": 316.336,
                "STABILIZACIJA": "STRABAG - nepoznato faktor skaliranja od OP151 do OP152: 1.0003481",
                "STRANA": null,
                "UDALJENOST_OD_OSI": null,
                "PRUGA": "R101"
            },
            "geometry": {
                "type": "Point",
                "coordinates": [
                    14.065655,
                    45.316213
                ]
            }
        },
        {
            "type": "Feature",
            "properties": {
                "TOCKA": "OP152",
                "STACIONAZA": null,
                "EHTRS96TM": 309019.945,
                "NHTRS96TM": 5022386.621,
                "H": 315.193,
                "STABILIZACIJA": "STRABAG - nepoznato faktor skaliranja od OP152 do OP153: 1.0003486",
                "STRANA": null,
                "UDALJENOST_OD_OSI": null,
                "PRUGA": "R101"
            },
            "geometry": {
                "type": "Point",
                "coordinates": [
                    14.064183,
                    45.315446
                ]
            }
        },
        {
            "type": "Feature",
            "properties": {
                "TOCKA": "OP153",
                "STACIONAZA": null,
                "EHTRS96TM": 308887.183,
                "NHTRS96TM": 5022293.217,
                "H": 314.372,
                "STABILIZACIJA": "STRABAG - nepoznato faktor skaliranja od OP153 do OP154: 1.0003494",
                "STRANA": null,
                "UDALJENOST_OD_OSI": null,
                "PRUGA": "R101"
            },
            "geometry": {
                "type": "Point",
                "coordinates": [
                    14.062527,
                    45.31457
                ]
            }
        },
        {
            "type": "Feature",
            "properties": {
                "TOCKA": "OP154",
                "STACIONAZA": null,
                "EHTRS96TM": 308703.787,
                "NHTRS96TM": 5022132.39,
                "H": 312.539,
                "STABILIZACIJA": "STRABAG - nepoznato faktor skaliranja od OP154 do OP155: 1.0003501",
                "STRANA": null,
                "UDALJENOST_OD_OSI": null,
                "PRUGA": "R101"
            },
            "geometry": {
                "type": "Point",
                "coordinates": [
                    14.060252,
                    45.313074
                ]
            }
        },
        {
            "type": "Feature",
            "properties": {
                "TOCKA": "OP155",
                "STACIONAZA": null,
                "EHTRS96TM": 308605.832,
                "NHTRS96TM": 5021998.104,
                "H": 310.456,
                "STABILIZACIJA": "STRABAG - nepoznato faktor skaliranja od OP155 do OP156: 1.0003503",
                "STRANA": null,
                "UDALJENOST_OD_OSI": null,
                "PRUGA": "R101"
            },
            "geometry": {
                "type": "Point",
                "coordinates": [
                    14.059056,
                    45.31184
                ]
            }
        },
        {
            "type": "Feature",
            "properties": {
                "TOCKA": "OP156",
                "STACIONAZA": null,
                "EHTRS96TM": 308604.14,
                "NHTRS96TM": 5021850.764,
                "H": 310.335,
                "STABILIZACIJA": "STRABAG - nepoznato faktor skaliranja od OP156 do OP157: 1.0003503",
                "STRANA": null,
                "UDALJENOST_OD_OSI": null,
                "PRUGA": "R101"
            },
            "geometry": {
                "type": "Point",
                "coordinates": [
                    14.059091,
                    45.310515
                ]
            }
        },
        {
            "type": "Feature",
            "properties": {
                "TOCKA": "OP157",
                "STACIONAZA": null,
                "EHTRS96TM": 308592.341,
                "NHTRS96TM": 5021696.741,
                "H": 308.594,
                "STABILIZACIJA": "STRABAG - nepoznato faktor skaliranja od OP157 do OP158: 1.0003505",
                "STRANA": null,
                "UDALJENOST_OD_OSI": null,
                "PRUGA": "R101"
            },
            "geometry": {
                "type": "Point",
                "coordinates": [
                    14.059001,
                    45.309127
                ]
            }
        },
        {
            "type": "Feature",
            "properties": {
                "TOCKA": "OP158",
                "STACIONAZA": null,
                "EHTRS96TM": 308543.192,
                "NHTRS96TM": 5021496.078,
                "H": 305.872,
                "STABILIZACIJA": "STRABAG - nepoznato faktor skaliranja od OP158 do OP159: 1.0003507",
                "STRANA": null,
                "UDALJENOST_OD_OSI": null,
                "PRUGA": "R101"
            },
            "geometry": {
                "type": "Point",
                "coordinates": [
                    14.058452,
                    45.30731
                ]
            }
        },
        {
            "type": "Feature",
            "properties": {
                "TOCKA": "OP159",
                "STACIONAZA": null,
                "EHTRS96TM": 308478.081,
                "NHTRS96TM": 5021356.159,
                "H": 304.454,
                "STABILIZACIJA": "STRABAG - nepoznato faktor skaliranja od OP159 do OP160: 1.0003511",
                "STRANA": null,
                "UDALJENOST_OD_OSI": null,
                "PRUGA": "R101"
            },
            "geometry": {
                "type": "Point",
                "coordinates": [
                    14.057676,
                    45.306034
                ]
            }
        },
        {
            "type": "Feature",
            "properties": {
                "TOCKA": "OP160",
                "STACIONAZA": null,
                "EHTRS96TM": 308366.405,
                "NHTRS96TM": 5021266.367,
                "H": 302.765,
                "STABILIZACIJA": "STRABAG - nepoznato faktor skaliranja od OP160 do OP161: 1.0003519",
                "STRANA": null,
                "UDALJENOST_OD_OSI": null,
                "PRUGA": "R101"
            },
            "geometry": {
                "type": "Point",
                "coordinates": [
                    14.056288,
                    45.305196
                ]
            }
        },
        {
            "type": "Feature",
            "properties": {
                "TOCKA": "OP161",
                "STACIONAZA": null,
                "EHTRS96TM": 308154.654,
                "NHTRS96TM": 5021210.359,
                "H": 302.829,
                "STABILIZACIJA": "STRABAG - nepoznato faktor skaliranja od OP161 do OP162: 1.0003527",
                "STRANA": null,
                "UDALJENOST_OD_OSI": null,
                "PRUGA": "R101"
            },
            "geometry": {
                "type": "Point",
                "coordinates": [
                    14.053612,
                    45.304635
                ]
            }
        },
        {
            "type": "Feature",
            "properties": {
                "TOCKA": "OP162",
                "STACIONAZA": null,
                "EHTRS96TM": 308015.258,
                "NHTRS96TM": 5021176.365,
                "H": 302.86,
                "STABILIZACIJA": "STRABAG - nepoznato faktor skaliranja od OP162 do OP163: 1.0003535",
                "STRANA": null,
                "UDALJENOST_OD_OSI": null,
                "PRUGA": "R101"
            },
            "geometry": {
                "type": "Point",
                "coordinates": [
                    14.051849,
                    45.304291
                ]
            }
        },
        {
            "type": "Feature",
            "properties": {
                "TOCKA": "OP163",
                "STACIONAZA": null,
                "EHTRS96TM": 307817.975,
                "NHTRS96TM": 5021109.556,
                "H": 302.343,
                "STABILIZACIJA": "STRABAG - nepoznato faktor skaliranja od OP163 do OP164: 1.0003543",
                "STRANA": null,
                "UDALJENOST_OD_OSI": null,
                "PRUGA": "R101"
            },
            "geometry": {
                "type": "Point",
                "coordinates": [
                    14.049362,
                    45.303637
                ]
            }
        },
        {
            "type": "Feature",
            "properties": {
                "TOCKA": "OP164",
                "STACIONAZA": null,
                "EHTRS96TM": 307676.801,
                "NHTRS96TM": 5021017.749,
                "H": 302.355,
                "STABILIZACIJA": "STRABAG - nepoznato faktor skaliranja od OP164 do OP165: 1.0003548",
                "STRANA": null,
                "UDALJENOST_OD_OSI": null,
                "PRUGA": "R101"
            },
            "geometry": {
                "type": "Point",
                "coordinates": [
                    14.047599,
                    45.302773
                ]
            }
        },
        {
            "type": "Feature",
            "properties": {
                "TOCKA": "OP165",
                "STACIONAZA": null,
                "EHTRS96TM": 307616.711,
                "NHTRS96TM": 5020874.652,
                "H": 302.096,
                "STABILIZACIJA": "STRABAG - nepoznato faktor skaliranja od OP165 do OP166: 1.0003552",
                "STRANA": null,
                "UDALJENOST_OD_OSI": null,
                "PRUGA": "R101"
            },
            "geometry": {
                "type": "Point",
                "coordinates": [
                    14.046889,
                    45.30147
                ]
            }
        },
        {
            "type": "Feature",
            "properties": {
                "TOCKA": "OP166",
                "STACIONAZA": null,
                "EHTRS96TM": 307529.245,
                "NHTRS96TM": 5020726.633,
                "H": 301.659,
                "STABILIZACIJA": "STRABAG - nepoznato faktor skaliranja od OP166 do OP167: 1.0003557",
                "STRANA": null,
                "UDALJENOST_OD_OSI": null,
                "PRUGA": "R101"
            },
            "geometry": {
                "type": "Point",
                "coordinates": [
                    14.045832,
                    45.300115
                ]
            }
        },
        {
            "type": "Feature",
            "properties": {
                "TOCKA": "OP167",
                "STACIONAZA": null,
                "EHTRS96TM": 307379.106,
                "NHTRS96TM": 5020625.239,
                "H": 301.864,
                "STABILIZACIJA": "STRABAG - nepoznato faktor skaliranja od OP167 do OP168: 1.0003566",
                "STRANA": null,
                "UDALJENOST_OD_OSI": null,
                "PRUGA": "R101"
            },
            "geometry": {
                "type": "Point",
                "coordinates": [
                    14.043959,
                    45.299162
                ]
            }
        },
        {
            "type": "Feature",
            "properties": {
                "TOCKA": "OP168",
                "STACIONAZA": null,
                "EHTRS96TM": 307172.424,
                "NHTRS96TM": 5020478.234,
                "H": 300.92,
                "STABILIZACIJA": "STRABAG - nepoznato faktor skaliranja od OP168 do OP169: 1.0003573",
                "STRANA": null,
                "UDALJENOST_OD_OSI": null,
                "PRUGA": "R101"
            },
            "geometry": {
                "type": "Point",
                "coordinates": [
                    14.041383,
                    45.297784
                ]
            }
        },
        {
            "type": "Feature",
            "properties": {
                "TOCKA": "OP169",
                "STACIONAZA": null,
                "EHTRS96TM": 307080.292,
                "NHTRS96TM": 5020407.684,
                "H": 300.979,
                "STABILIZACIJA": "STRABAG - nepoznato faktor skaliranja od OP169 do OP170: 1.0003577",
                "STRANA": null,
                "UDALJENOST_OD_OSI": null,
                "PRUGA": "R101"
            },
            "geometry": {
                "type": "Point",
                "coordinates": [
                    14.040237,
                    45.297125
                ]
            }
        },
        {
            "type": "Feature",
            "properties": {
                "TOCKA": "OP170",
                "STACIONAZA": null,
                "EHTRS96TM": 307002.686,
                "NHTRS96TM": 5020250.861,
                "H": 300.496,
                "STABILIZACIJA": "STRABAG - nepoznato faktor skaliranja od OP170 do OP171: 1.000358",
                "STRANA": null,
                "UDALJENOST_OD_OSI": null,
                "PRUGA": "R101"
            },
            "geometry": {
                "type": "Point",
                "coordinates": [
                    14.039309,
                    45.295693
                ]
            }
        },
        {
            "type": "Feature",
            "properties": {
                "TOCKA": "OP171",
                "STACIONAZA": null,
                "EHTRS96TM": 306924.826,
                "NHTRS96TM": 5020101.023,
                "H": 298.186,
                "STABILIZACIJA": "STRABAG - nepoznato faktor skaliranja od OP171 do OP172: 1.0003584",
                "STRANA": null,
                "UDALJENOST_OD_OSI": null,
                "PRUGA": "R101"
            },
            "geometry": {
                "type": "Point",
                "coordinates": [
                    14.038376,
                    45.294325
                ]
            }
        },
        {
            "type": "Feature",
            "properties": {
                "TOCKA": "OP172",
                "STACIONAZA": null,
                "EHTRS96TM": 306846.086,
                "NHTRS96TM": 5020012.637,
                "H": 296.885,
                "STABILIZACIJA": "STRABAG - nepoznato faktor skaliranja od OP172 do OP173: 1.0003591",
                "STRANA": null,
                "UDALJENOST_OD_OSI": null,
                "PRUGA": "R101"
            },
            "geometry": {
                "type": "Point",
                "coordinates": [
                    14.037407,
                    45.293509
                ]
            }
        },
        {
            "type": "Feature",
            "properties": {
                "TOCKA": "OP173",
                "STACIONAZA": null,
                "EHTRS96TM": 306622.053,
                "NHTRS96TM": 5019894.595,
                "H": 294.604,
                "STABILIZACIJA": "STRABAG - nepoznato faktor skaliranja od OP173 do OP174: 1.0003601",
                "STRANA": null,
                "UDALJENOST_OD_OSI": null,
                "PRUGA": "R101"
            },
            "geometry": {
                "type": "Point",
                "coordinates": [
                    14.0346,
                    45.292386
                ]
            }
        },
        {
            "type": "Feature",
            "properties": {
                "TOCKA": "OP174",
                "STACIONAZA": null,
                "EHTRS96TM": 306449.448,
                "NHTRS96TM": 5019742.304,
                "H": 295.522,
                "STABILIZACIJA": "STRABAG - nepoznato faktor skaliranja od OP174 do OP175: 1.0003608",
                "STRANA": null,
                "UDALJENOST_OD_OSI": null,
                "PRUGA": "R101"
            },
            "geometry": {
                "type": "Point",
                "coordinates": [
                    14.032461,
                    45.290969
                ]
            }
        },
        {
            "type": "Feature",
            "properties": {
                "TOCKA": "OP175",
                "STACIONAZA": null,
                "EHTRS96TM": 306300.388,
                "NHTRS96TM": 5019506.824,
                "H": 292.838,
                "STABILIZACIJA": "STRABAG - nepoznato faktor skaliranja od OP175 do OP176: 1.0003616",
                "STRANA": null,
                "UDALJENOST_OD_OSI": null,
                "PRUGA": "R101"
            },
            "geometry": {
                "type": "Point",
                "coordinates": [
                    14.030654,
                    45.288811
                ]
            }
        },
        {
            "type": "Feature",
            "properties": {
                "TOCKA": "OP176",
                "STACIONAZA": null,
                "EHTRS96TM": 306124.981,
                "NHTRS96TM": 5019364.566,
                "H": 290.655,
                "STABILIZACIJA": "STRABAG - nepoznato faktor skaliranja od OP176 do OP177: 1.0003626",
                "STRANA": null,
                "UDALJENOST_OD_OSI": null,
                "PRUGA": "R101"
            },
            "geometry": {
                "type": "Point",
                "coordinates": [
                    14.028475,
                    45.287484
                ]
            }
        },
        {
            "type": "Feature",
            "properties": {
                "TOCKA": "OP177",
                "STACIONAZA": null,
                "EHTRS96TM": 305898.551,
                "NHTRS96TM": 5019214.263,
                "H": 288.249,
                "STABILIZACIJA": "STRABAG - nepoznato faktor skaliranja od OP177 do OP178: 1.0003635",
                "STRANA": null,
                "UDALJENOST_OD_OSI": null,
                "PRUGA": "R101"
            },
            "geometry": {
                "type": "Point",
                "coordinates": [
                    14.02565,
                    45.28607
                ]
            }
        },
        {
            "type": "Feature",
            "properties": {
                "TOCKA": "OP178",
                "STACIONAZA": null,
                "EHTRS96TM": 305755.17,
                "NHTRS96TM": 5019088.674,
                "H": 287.904,
                "STABILIZACIJA": "STRABAG - nepoznato faktor skaliranja od OP178 do OP179: 1.0003643",
                "STRANA": null,
                "UDALJENOST_OD_OSI": null,
                "PRUGA": "R101"
            },
            "geometry": {
                "type": "Point",
                "coordinates": [
                    14.023873,
                    45.284901
                ]
            }
        },
        {
            "type": "Feature",
            "properties": {
                "TOCKA": "OP179",
                "STACIONAZA": null,
                "EHTRS96TM": 305540.524,
                "NHTRS96TM": 5018870.185,
                "H": 285.114,
                "STABILIZACIJA": "STRABAG - nepoznato faktor skaliranja od OP179 do OP180: 1.0003653",
                "STRANA": null,
                "UDALJENOST_OD_OSI": null,
                "PRUGA": "R101"
            },
            "geometry": {
                "type": "Point",
                "coordinates": [
                    14.021225,
                    45.282878
                ]
            }
        },
        {
            "type": "Feature",
            "properties": {
                "TOCKA": "OP180",
                "STACIONAZA": null,
                "EHTRS96TM": 305352.375,
                "NHTRS96TM": 5018657.602,
                "H": 282.707,
                "STABILIZACIJA": "STRABAG - nepoznato faktor skaliranja od OP180 do OP181: 1.0003662",
                "STRANA": null,
                "UDALJENOST_OD_OSI": null,
                "PRUGA": "R101"
            },
            "geometry": {
                "type": "Point",
                "coordinates": [
                    14.018913,
                    45.280914
                ]
            }
        },
        {
            "type": "Feature",
            "properties": {
                "TOCKA": "OP181",
                "STACIONAZA": null,
                "EHTRS96TM": 305139.732,
                "NHTRS96TM": 5018470.493,
                "H": 281.57,
                "STABILIZACIJA": "STRABAG - nepoznato faktor skaliranja od OP181 do OP182: 1.0003671",
                "STRANA": null,
                "UDALJENOST_OD_OSI": null,
                "PRUGA": "R101"
            },
            "geometry": {
                "type": "Point",
                "coordinates": [
                    14.016278,
                    45.279173
                ]
            }
        },
        {
            "type": "Feature",
            "properties": {
                "TOCKA": "OP182",
                "STACIONAZA": null,
                "EHTRS96TM": 305005.377,
                "NHTRS96TM": 5018300.056,
                "H": 280.816,
                "STABILIZACIJA": "STRABAG - nepoznato faktor skaliranja od OP182 do OP183: 1.0003676",
                "STRANA": null,
                "UDALJENOST_OD_OSI": null,
                "PRUGA": "R101"
            },
            "geometry": {
                "type": "Point",
                "coordinates": [
                    14.014634,
                    45.277604
                ]
            }
        },
        {
            "type": "Feature",
            "properties": {
                "TOCKA": "OP183",
                "STACIONAZA": null,
                "EHTRS96TM": 304921.903,
                "NHTRS96TM": 5018177.727,
                "H": 280.825,
                "STABILIZACIJA": "STRABAG - nepoznato faktor skaliranja od OP183 do OP184: 1.0003681",
                "STRANA": null,
                "UDALJENOST_OD_OSI": null,
                "PRUGA": "R101"
            },
            "geometry": {
                "type": "Point",
                "coordinates": [
                    14.013619,
                    45.276481
                ]
            }
        },
        {
            "type": "Feature",
            "properties": {
                "TOCKA": "OP184",
                "STACIONAZA": null,
                "EHTRS96TM": 304794.353,
                "NHTRS96TM": 5017977.858,
                "H": 280.133,
                "STABILIZACIJA": "STRABAG - nepoznato faktor skaliranja od OP184 do OP185: 1.0003687",
                "STRANA": null,
                "UDALJENOST_OD_OSI": null,
                "PRUGA": "R101"
            },
            "geometry": {
                "type": "Point",
                "coordinates": [
                    14.012074,
                    45.274649
                ]
            }
        },
        {
            "type": "Feature",
            "properties": {
                "TOCKA": "OP185",
                "STACIONAZA": null,
                "EHTRS96TM": 304681.357,
                "NHTRS96TM": 5017823.486,
                "H": 278.603,
                "STABILIZACIJA": "STRABAG - nepoznato faktor skaliranja od OP185 do OP186: 1.0003694",
                "STRANA": null,
                "UDALJENOST_OD_OSI": null,
                "PRUGA": "R101"
            },
            "geometry": {
                "type": "Point",
                "coordinates": [
                    14.010696,
                    45.273229
                ]
            }
        },
        {
            "type": "Feature",
            "properties": {
                "TOCKA": "OP186",
                "STACIONAZA": null,
                "EHTRS96TM": 304509.364,
                "NHTRS96TM": 5017648.277,
                "H": 277.048,
                "STABILIZACIJA": "STRABAG - nepoznato faktor skaliranja od OP186 do OP187: 1.0003702",
                "STRANA": null,
                "UDALJENOST_OD_OSI": null,
                "PRUGA": "R101"
            },
            "geometry": {
                "type": "Point",
                "coordinates": [
                    14.008575,
                    45.271606
                ]
            }
        },
        {
            "type": "Feature",
            "properties": {
                "TOCKA": "OP187",
                "STACIONAZA": null,
                "EHTRS96TM": 304332.122,
                "NHTRS96TM": 5017454.367,
                "H": 276.176,
                "STABILIZACIJA": "STRABAG - nepoznato faktor skaliranja od OP187 do OP188: 1.0003711",
                "STRANA": null,
                "UDALJENOST_OD_OSI": null,
                "PRUGA": "R101"
            },
            "geometry": {
                "type": "Point",
                "coordinates": [
                    14.006394,
                    45.269814
                ]
            }
        },
        {
            "type": "Feature",
            "properties": {
                "TOCKA": "OP188",
                "STACIONAZA": null,
                "EHTRS96TM": 304138.509,
                "NHTRS96TM": 5017259.986,
                "H": 275.208,
                "STABILIZACIJA": "STRABAG - nepoznato faktor skaliranja od OP188 do OP189: 1.000372",
                "STRANA": null,
                "UDALJENOST_OD_OSI": null,
                "PRUGA": "R101"
            },
            "geometry": {
                "type": "Point",
                "coordinates": [
                    14.004006,
                    45.268012
                ]
            }
        },
        {
            "type": "Feature",
            "properties": {
                "TOCKA": "OP189",
                "STACIONAZA": null,
                "EHTRS96TM": 303972.306,
                "NHTRS96TM": 5017075.619,
                "H": 274.258,
                "STABILIZACIJA": "STRABAG - nepoznato faktor skaliranja od OP189 do OP190: 1.0003728",
                "STRANA": null,
                "UDALJENOST_OD_OSI": null,
                "PRUGA": "R101"
            },
            "geometry": {
                "type": "Point",
                "coordinates": [
                    14.001963,
                    45.266309
                ]
            }
        },
        {
            "type": "Feature",
            "properties": {
                "TOCKA": "OP190",
                "STACIONAZA": null,
                "EHTRS96TM": 303806.097,
                "NHTRS96TM": 5016912.993,
                "H": 273.181,
                "STABILIZACIJA": "STRABAG - nepoznato faktor skaliranja od OP190 do OP191: 1.0003736",
                "STRANA": null,
                "UDALJENOST_OD_OSI": null,
                "PRUGA": "R101"
            },
            "geometry": {
                "type": "Point",
                "coordinates": [
                    13.999911,
                    45.2648
                ]
            }
        },
        {
            "type": "Feature",
            "properties": {
                "TOCKA": "OP191",
                "STACIONAZA": null,
                "EHTRS96TM": 303629.482,
                "NHTRS96TM": 5016717.63,
                "H": 271.698,
                "STABILIZACIJA": "STRABAG - nepoznato faktor skaliranja od OP191 do OP192: 1.0003743",
                "STRANA": null,
                "UDALJENOST_OD_OSI": null,
                "PRUGA": "R101"
            },
            "geometry": {
                "type": "Point",
                "coordinates": [
                    13.99774,
                    45.262995
                ]
            }
        },
        {
            "type": "Feature",
            "properties": {
                "TOCKA": "OP192",
                "STACIONAZA": null,
                "EHTRS96TM": 303493.93,
                "NHTRS96TM": 5016585.023,
                "H": 270.641,
                "STABILIZACIJA": "STRABAG - nepoznato faktor skaliranja od OP192 do OP193: 1.000375",
                "STRANA": null,
                "UDALJENOST_OD_OSI": null,
                "PRUGA": "R101"
            },
            "geometry": {
                "type": "Point",
                "coordinates": [
                    13.996067,
                    45.261765
                ]
            }
        },
        {
            "type": "Feature",
            "properties": {
                "TOCKA": "OP193",
                "STACIONAZA": null,
                "EHTRS96TM": 303375.605,
                "NHTRS96TM": 5016463.447,
                "H": 270.135,
                "STABILIZACIJA": "STRABAG - nepoznato faktor skaliranja od OP193 do OP194: 1.0003762",
                "STRANA": null,
                "UDALJENOST_OD_OSI": null,
                "PRUGA": "R101"
            },
            "geometry": {
                "type": "Point",
                "coordinates": [
                    13.994608,
                    45.260639
                ]
            }
        },
        {
            "type": "Feature",
            "properties": {
                "TOCKA": "OP194",
                "STACIONAZA": null,
                "EHTRS96TM": 303222.539,
                "NHTRS96TM": 5016385.895,
                "H": 269.43,
                "STABILIZACIJA": "STRABAG - nepoznato faktor skaliranja od OP194 do OP195: 1.0003762",
                "STRANA": null,
                "UDALJENOST_OD_OSI": null,
                "PRUGA": "R101"
            },
            "geometry": {
                "type": "Point",
                "coordinates": [
                    13.992691,
                    45.259899
                ]
            }
        },
        {
            "type": "Feature",
            "properties": {
                "TOCKA": "OP195",
                "STACIONAZA": null,
                "EHTRS96TM": 302975.017,
                "NHTRS96TM": 5016296.275,
                "H": 268.838,
                "STABILIZACIJA": "STRABAG - nepoznato faktor skaliranja od OP195 do OP196: 1.0003776",
                "STRANA": null,
                "UDALJENOST_OD_OSI": null,
                "PRUGA": "R101"
            },
            "geometry": {
                "type": "Point",
                "coordinates": [
                    13.989575,
                    45.259024
                ]
            }
        },
        {
            "type": "Feature",
            "properties": {
                "TOCKA": "OP196",
                "STACIONAZA": null,
                "EHTRS96TM": 302802.334,
                "NHTRS96TM": 5016172.893,
                "H": 266.61,
                "STABILIZACIJA": "STRABAG - nepoznato faktor skaliranja od OP196 do OP197: 1.0003785",
                "STRANA": null,
                "UDALJENOST_OD_OSI": null,
                "PRUGA": "R101"
            },
            "geometry": {
                "type": "Point",
                "coordinates": [
                    13.987426,
                    45.257866
                ]
            }
        },
        {
            "type": "Feature",
            "properties": {
                "TOCKA": "OP197",
                "STACIONAZA": null,
                "EHTRS96TM": 302589.668,
                "NHTRS96TM": 5016034.93,
                "H": 265.508,
                "STABILIZACIJA": "STRABAG - nepoznato faktor skaliranja od OP197 do OP198: 1.0003795",
                "STRANA": null,
                "UDALJENOST_OD_OSI": null,
                "PRUGA": "R101"
            },
            "geometry": {
                "type": "Point",
                "coordinates": [
                    13.984774,
                    45.256566
                ]
            }
        },
        {
            "type": "Feature",
            "properties": {
                "TOCKA": "OP198",
                "STACIONAZA": null,
                "EHTRS96TM": 302414.2,
                "NHTRS96TM": 5015861.409,
                "H": 264.092,
                "STABILIZACIJA": "STRABAG - nepoznato faktor skaliranja od OP198 do OP199: 1.0003804",
                "STRANA": null,
                "UDALJENOST_OD_OSI": null,
                "PRUGA": "R101"
            },
            "geometry": {
                "type": "Point",
                "coordinates": [
                    13.982609,
                    45.254957
                ]
            }
        },
        {
            "type": "Feature",
            "properties": {
                "TOCKA": "OP199",
                "STACIONAZA": null,
                "EHTRS96TM": 302195.237,
                "NHTRS96TM": 5015620.275,
                "H": 264.148,
                "STABILIZACIJA": "STRABAG - nepoznato faktor skaliranja od OP199 do OP200: 1.0003811",
                "STRANA": null,
                "UDALJENOST_OD_OSI": null,
                "PRUGA": "R101"
            },
            "geometry": {
                "type": "Point",
                "coordinates": [
                    13.979918,
                    45.252728
                ]
            }
        },
        {
            "type": "Feature",
            "properties": {
                "TOCKA": "OP200",
                "STACIONAZA": null,
                "EHTRS96TM": 302120.56,
                "NHTRS96TM": 5015517.485,
                "H": 263.26,
                "STABILIZACIJA": "STRABAG - nepoznato faktor skaliranja od OP200 do OP201: 1.0003815",
                "STRANA": null,
                "UDALJENOST_OD_OSI": null,
                "PRUGA": "R101"
            },
            "geometry": {
                "type": "Point",
                "coordinates": [
                    13.979009,
                    45.251782
                ]
            }
        },
        {
            "type": "Feature",
            "properties": {
                "TOCKA": "OP201",
                "STACIONAZA": null,
                "EHTRS96TM": 302039.785,
                "NHTRS96TM": 5015406.441,
                "H": 262.51,
                "STABILIZACIJA": "STRABAG - nepoznato faktor skaliranja od OP201 do OP202: 1.0003819",
                "STRANA": null,
                "UDALJENOST_OD_OSI": null,
                "PRUGA": "R101"
            },
            "geometry": {
                "type": "Point",
                "coordinates": [
                    13.978025,
                    45.250761
                ]
            }
        },
        {
            "type": "Feature",
            "properties": {
                "TOCKA": "OP202",
                "STACIONAZA": null,
                "EHTRS96TM": 301982.152,
                "NHTRS96TM": 5015322.522,
                "H": 261.908,
                "STABILIZACIJA": "STRABAG - nepoznato faktor skaliranja od OP202 do OP203: 1.0003823",
                "STRANA": null,
                "UDALJENOST_OD_OSI": null,
                "PRUGA": "R101"
            },
            "geometry": {
                "type": "Point",
                "coordinates": [
                    13.977325,
                    45.249991
                ]
            }
        },
        {
            "type": "Feature",
            "properties": {
                "TOCKA": "OP203",
                "STACIONAZA": null,
                "EHTRS96TM": 301866.566,
                "NHTRS96TM": 5015253,
                "H": 260.928,
                "STABILIZACIJA": "STRABAG - nepoznato faktor skaliranja od OP203 do OP204: 1.0003833",
                "STRANA": null,
                "UDALJENOST_OD_OSI": null,
                "PRUGA": "R101"
            },
            "geometry": {
                "type": "Point",
                "coordinates": [
                    13.975881,
                    45.249333
                ]
            }
        },
        {
            "type": "Feature",
            "properties": {
                "TOCKA": "OP204",
                "STACIONAZA": null,
                "EHTRS96TM": 301578.916,
                "NHTRS96TM": 5015165.816,
                "H": 261.222,
                "STABILIZACIJA": "STRABAG - nepoznato faktor skaliranja od OP204 do OP205: 1.0003846",
                "STRANA": null,
                "UDALJENOST_OD_OSI": null,
                "PRUGA": "R101"
            },
            "geometry": {
                "type": "Point",
                "coordinates": [
                    13.972255,
                    45.248468
                ]
            }
        },
        {
            "type": "Feature",
            "properties": {
                "TOCKA": "OP205",
                "STACIONAZA": null,
                "EHTRS96TM": 301327.245,
                "NHTRS96TM": 5015126.938,
                "H": 260.737,
                "STABILIZACIJA": "STRABAG - nepoznato faktor skaliranja od OP205 do OP206: 1.0003855",
                "STRANA": null,
                "UDALJENOST_OD_OSI": null,
                "PRUGA": "R101"
            },
            "geometry": {
                "type": "Point",
                "coordinates": [
                    13.969068,
                    45.248048
                ]
            }
        },
        {
            "type": "Feature",
            "properties": {
                "TOCKA": "OP206",
                "STACIONAZA": null,
                "EHTRS96TM": 301218.169,
                "NHTRS96TM": 5015094.97,
                "H": 261.328,
                "STABILIZACIJA": "STRABAG - nepoznato faktor skaliranja od OP206 do OP207: 1.000386",
                "STRANA": null,
                "UDALJENOST_OD_OSI": null,
                "PRUGA": "R101"
            },
            "geometry": {
                "type": "Point",
                "coordinates": [
                    13.967692,
                    45.24773
                ]
            }
        },
        {
            "type": "Feature",
            "properties": {
                "TOCKA": "OP207",
                "STACIONAZA": null,
                "EHTRS96TM": 301109.241,
                "NHTRS96TM": 5014987.149,
                "H": 260.882,
                "STABILIZACIJA": "STRABAG - nepoznato faktor skaliranja od OP207 do OP208: 1.0003865",
                "STRANA": null,
                "UDALJENOST_OD_OSI": null,
                "PRUGA": "R101"
            },
            "geometry": {
                "type": "Point",
                "coordinates": [
                    13.966349,
                    45.24673
                ]
            }
        },
        {
            "type": "Feature",
            "properties": {
                "TOCKA": "OP208",
                "STACIONAZA": null,
                "EHTRS96TM": 301015.046,
                "NHTRS96TM": 5014897.573,
                "H": 262.028,
                "STABILIZACIJA": "STRABAG - nepoznato faktor skaliranja od OP208 do OP209: 1.000387",
                "STRANA": null,
                "UDALJENOST_OD_OSI": null,
                "PRUGA": "R101"
            },
            "geometry": {
                "type": "Point",
                "coordinates": [
                    13.965186,
                    45.245898
                ]
            }
        },
        {
            "type": "Feature",
            "properties": {
                "TOCKA": "OP209",
                "STACIONAZA": null,
                "EHTRS96TM": 300914.965,
                "NHTRS96TM": 5014827.934,
                "H": 264.57,
                "STABILIZACIJA": "STRABAG - nepoznato faktor skaliranja od OP209 do OP210: 1.0003876",
                "STRANA": null,
                "UDALJENOST_OD_OSI": null,
                "PRUGA": "R101"
            },
            "geometry": {
                "type": "Point",
                "coordinates": [
                    13.96394,
                    45.245243
                ]
            }
        },
        {
            "type": "Feature",
            "properties": {
                "TOCKA": "OP210",
                "STACIONAZA": null,
                "EHTRS96TM": 300740.138,
                "NHTRS96TM": 5014796.394,
                "H": 268.683,
                "STABILIZACIJA": "STRABAG - nepoznato faktor skaliranja od OP210 do OP211: 1.0003888",
                "STRANA": null,
                "UDALJENOST_OD_OSI": null,
                "PRUGA": "R101"
            },
            "geometry": {
                "type": "Point",
                "coordinates": [
                    13.961728,
                    45.24491
                ]
            }
        },
        {
            "type": "Feature",
            "properties": {
                "TOCKA": "OP211",
                "STACIONAZA": null,
                "EHTRS96TM": 300434.69,
                "NHTRS96TM": 5014823.156,
                "H": 274.876,
                "STABILIZACIJA": "STRABAG - nepoznato faktor skaliranja od OP211 do OP212: 1.00039",
                "STRANA": null,
                "UDALJENOST_OD_OSI": null,
                "PRUGA": "R101"
            },
            "geometry": {
                "type": "Point",
                "coordinates": [
                    13.95783,
                    45.245065
                ]
            }
        },
        {
            "type": "Feature",
            "properties": {
                "TOCKA": "OP212",
                "STACIONAZA": null,
                "EHTRS96TM": 300256.423,
                "NHTRS96TM": 5014816.297,
                "H": 278.437,
                "STABILIZACIJA": "STRABAG - nepoznato faktor skaliranja od OP212 do OP213: 1.000391",
                "STRANA": null,
                "UDALJENOST_OD_OSI": null,
                "PRUGA": "R101"
            },
            "geometry": {
                "type": "Point",
                "coordinates": [
                    13.955564,
                    45.244952
                ]
            }
        },
        {
            "type": "Feature",
            "properties": {
                "TOCKA": "OP213",
                "STACIONAZA": null,
                "EHTRS96TM": 300044.138,
                "NHTRS96TM": 5014813.397,
                "H": 282.342,
                "STABILIZACIJA": "STRABAG - nepoznato faktor skaliranja od OP213 do OP214: 1.000392",
                "STRANA": null,
                "UDALJENOST_OD_OSI": null,
                "PRUGA": "R101"
            },
            "geometry": {
                "type": "Point",
                "coordinates": [
                    13.952864,
                    45.244866
                ]
            }
        },
        {
            "type": "Feature",
            "properties": {
                "TOCKA": "OP214",
                "STACIONAZA": null,
                "EHTRS96TM": 299827.866,
                "NHTRS96TM": 5014719.202,
                "H": 287.069,
                "STABILIZACIJA": "STRABAG - nepoznato faktor skaliranja od OP214 do OP215: 1.0003928",
                "STRANA": null,
                "UDALJENOST_OD_OSI": null,
                "PRUGA": "R101"
            },
            "geometry": {
                "type": "Point",
                "coordinates": [
                    13.95015,
                    45.243958
                ]
            }
        },
        {
            "type": "Feature",
            "properties": {
                "TOCKA": "OP215",
                "STACIONAZA": null,
                "EHTRS96TM": 299730.934,
                "NHTRS96TM": 5014672.348,
                "H": 287.759,
                "STABILIZACIJA": "STRABAG - nepoznato faktor skaliranja od OP215 do OP216: 1.0003934",
                "STRANA": null,
                "UDALJENOST_OD_OSI": null,
                "PRUGA": "R101"
            },
            "geometry": {
                "type": "Point",
                "coordinates": [
                    13.948935,
                    45.243509
                ]
            }
        },
        {
            "type": "Feature",
            "properties": {
                "TOCKA": "OP216",
                "STACIONAZA": null,
                "EHTRS96TM": 299591.415,
                "NHTRS96TM": 5014526.844,
                "H": 293.149,
                "STABILIZACIJA": "STRABAG - nepoznato faktor skaliranja od OP216 do OP217: 1.0003939",
                "STRANA": null,
                "UDALJENOST_OD_OSI": null,
                "PRUGA": "R101"
            },
            "geometry": {
                "type": "Point",
                "coordinates": [
                    13.947218,
                    45.242161
                ]
            }
        },
        {
            "type": "Feature",
            "properties": {
                "TOCKA": "OP217",
                "STACIONAZA": null,
                "EHTRS96TM": 299499.436,
                "NHTRS96TM": 5014370.962,
                "H": 295.548,
                "STABILIZACIJA": "STRABAG - nepoznato faktor skaliranja od OP217 do OP218: 1.0003942",
                "STRANA": null,
                "UDALJENOST_OD_OSI": null,
                "PRUGA": "R101"
            },
            "geometry": {
                "type": "Point",
                "coordinates": [
                    13.946111,
                    45.240734
                ]
            }
        },
        {
            "type": "Feature",
            "properties": {
                "TOCKA": "OP218",
                "STACIONAZA": null,
                "EHTRS96TM": 299480.568,
                "NHTRS96TM": 5014228.343,
                "H": 295.606,
                "STABILIZACIJA": "STRABAG - nepoznato faktor skaliranja od OP218 do OP219: 1.0003943",
                "STRANA": null,
                "UDALJENOST_OD_OSI": null,
                "PRUGA": "R101"
            },
            "geometry": {
                "type": "Point",
                "coordinates": [
                    13.945928,
                    45.239446
                ]
            }
        },
        {
            "type": "Feature",
            "properties": {
                "TOCKA": "OP219",
                "STACIONAZA": null,
                "EHTRS96TM": 299468.237,
                "NHTRS96TM": 5013980.982,
                "H": 296.06,
                "STABILIZACIJA": "STRABAG - nepoznato faktor skaliranja od OP219 do OP220: 1.0003945",
                "STRANA": null,
                "UDALJENOST_OD_OSI": null,
                "PRUGA": "R101"
            },
            "geometry": {
                "type": "Point",
                "coordinates": [
                    13.945871,
                    45.237219
                ]
            }
        },
        {
            "type": "Feature",
            "properties": {
                "TOCKA": "OP220",
                "STACIONAZA": null,
                "EHTRS96TM": 299407.264,
                "NHTRS96TM": 5013881.862,
                "H": 296.518,
                "STABILIZACIJA": "STRABAG - nepoznato faktor skaliranja od OP220 do OP221: 1.0003949",
                "STRANA": null,
                "UDALJENOST_OD_OSI": null,
                "PRUGA": "R101"
            },
            "geometry": {
                "type": "Point",
                "coordinates": [
                    13.945135,
                    45.23631
                ]
            }
        },
        {
            "type": "Feature",
            "properties": {
                "TOCKA": "OP221",
                "STACIONAZA": null,
                "EHTRS96TM": 299276.494,
                "NHTRS96TM": 5013806.177,
                "H": 301.025,
                "STABILIZACIJA": "STRABAG - nepoznato faktor skaliranja od OP221 do OP222: 1.0003959",
                "STRANA": null,
                "UDALJENOST_OD_OSI": null,
                "PRUGA": "R101"
            },
            "geometry": {
                "type": "Point",
                "coordinates": [
                    13.943502,
                    45.235593
                ]
            }
        },
        {
            "type": "Feature",
            "properties": {
                "TOCKA": "OP222",
                "STACIONAZA": null,
                "EHTRS96TM": 299020.88,
                "NHTRS96TM": 5013818.11,
                "H": 305.224,
                "STABILIZACIJA": "STRABAG - nepoznato faktor skaliranja od OP222 do OP223: 1.000397",
                "STRANA": null,
                "UDALJENOST_OD_OSI": null,
                "PRUGA": "R101"
            },
            "geometry": {
                "type": "Point",
                "coordinates": [
                    13.940244,
                    45.235627
                ]
            }
        },
        {
            "type": "Feature",
            "properties": {
                "TOCKA": "OP223",
                "STACIONAZA": null,
                "EHTRS96TM": 298814.844,
                "NHTRS96TM": 5013842.697,
                "H": 309.347,
                "STABILIZACIJA": "STRABAG - nepoznato faktor skaliranja od OP223 do OP224: 1.0003978",
                "STRANA": null,
                "UDALJENOST_OD_OSI": null,
                "PRUGA": "R101"
            },
            "geometry": {
                "type": "Point",
                "coordinates": [
                    13.937613,
                    45.235789
                ]
            }
        },
        {
            "type": "Feature",
            "properties": {
                "TOCKA": "OP224",
                "STACIONAZA": null,
                "EHTRS96TM": 298705.067,
                "NHTRS96TM": 5013860.267,
                "H": 311.981,
                "STABILIZACIJA": "STRABAG - nepoznato faktor skaliranja od OP224 do OP225: 1.0003988",
                "STRANA": null,
                "UDALJENOST_OD_OSI": null,
                "PRUGA": "R101"
            },
            "geometry": {
                "type": "Point",
                "coordinates": [
                    13.936209,
                    45.235916
                ]
            }
        },
        {
            "type": "Feature",
            "properties": {
                "TOCKA": "OP225",
                "STACIONAZA": null,
                "EHTRS96TM": 298577.153,
                "NHTRS96TM": 5013896.857,
                "H": 314.767,
                "STABILIZACIJA": "STRABAG - nepoznato faktor skaliranja od OP225 do OP226: 1.0003988",
                "STRANA": null,
                "UDALJENOST_OD_OSI": null,
                "PRUGA": "R101"
            },
            "geometry": {
                "type": "Point",
                "coordinates": [
                    13.934567,
                    45.236208
                ]
            }
        },
        {
            "type": "Feature",
            "properties": {
                "TOCKA": "OP226",
                "STACIONAZA": null,
                "EHTRS96TM": 298417.108,
                "NHTRS96TM": 5013870.493,
                "H": 317.806,
                "STABILIZACIJA": "STRABAG - nepoznato faktor skaliranja od OP226 do OP227: 1.0003999",
                "STRANA": null,
                "UDALJENOST_OD_OSI": null,
                "PRUGA": "R101"
            },
            "geometry": {
                "type": "Point",
                "coordinates": [
                    13.932541,
                    45.235926
                ]
            }
        },
        {
            "type": "Feature",
            "properties": {
                "TOCKA": "OP227",
                "STACIONAZA": null,
                "EHTRS96TM": 298270.913,
                "NHTRS96TM": 5013914.299,
                "H": 320.056,
                "STABILIZACIJA": "STRABAG - nepoznato faktor skaliranja od OP227 do OP228: 1.0004004",
                "STRANA": null,
                "UDALJENOST_OD_OSI": null,
                "PRUGA": "R101"
            },
            "geometry": {
                "type": "Point",
                "coordinates": [
                    13.930663,
                    45.236277
                ]
            }
        },
        {
            "type": "Feature",
            "properties": {
                "TOCKA": "OP228",
                "STACIONAZA": null,
                "EHTRS96TM": 298195.48,
                "NHTRS96TM": 5013977.758,
                "H": 322.934,
                "STABILIZACIJA": "STRABAG - nepoznato faktor skaliranja od OP228 do OP229: 1.0004008",
                "STRANA": null,
                "UDALJENOST_OD_OSI": null,
                "PRUGA": "R101"
            },
            "geometry": {
                "type": "Point",
                "coordinates": [
                    13.929678,
                    45.236826
                ]
            }
        },
        {
            "type": "Feature",
            "properties": {
                "TOCKA": "OP229",
                "STACIONAZA": null,
                "EHTRS96TM": 298125.294,
                "NHTRS96TM": 5014077.671,
                "H": 325.65,
                "STABILIZACIJA": "STRABAG - nepoznato faktor skaliranja od OP229 do OP230: 1.0004012",
                "STRANA": null,
                "UDALJENOST_OD_OSI": null,
                "PRUGA": "R101"
            },
            "geometry": {
                "type": "Point",
                "coordinates": [
                    13.928744,
                    45.237704
                ]
            }
        },
        {
            "type": "Feature",
            "properties": {
                "TOCKA": "OP230",
                "STACIONAZA": null,
                "EHTRS96TM": 298036.61,
                "NHTRS96TM": 5014128.927,
                "H": 327.484,
                "STABILIZACIJA": "STRABAG - nepoznato faktor skaliranja od OP230 do OP231: 1.0004017",
                "STRANA": null,
                "UDALJENOST_OD_OSI": null,
                "PRUGA": "R101"
            },
            "geometry": {
                "type": "Point",
                "coordinates": [
                    13.927595,
                    45.23814
                ]
            }
        },
        {
            "type": "Feature",
            "properties": {
                "TOCKA": "OP231",
                "STACIONAZA": null,
                "EHTRS96TM": 297934.597,
                "NHTRS96TM": 5014141.666,
                "H": 329.251,
                "STABILIZACIJA": "STRABAG - nepoznato faktor skaliranja od OP231 do OP232: 1.0004022",
                "STRANA": null,
                "UDALJENOST_OD_OSI": null,
                "PRUGA": "R101"
            },
            "geometry": {
                "type": "Point",
                "coordinates": [
                    13.926292,
                    45.238225
                ]
            }
        },
        {
            "type": "Feature",
            "properties": {
                "TOCKA": "OP232",
                "STACIONAZA": null,
                "EHTRS96TM": 297828.122,
                "NHTRS96TM": 5014108.263,
                "H": 331.441,
                "STABILIZACIJA": "STRABAG - nepoznato faktor skaliranja od OP232 do OP233: 1.0004025",
                "STRANA": null,
                "UDALJENOST_OD_OSI": null,
                "PRUGA": "R101"
            },
            "geometry": {
                "type": "Point",
                "coordinates": [
                    13.92495,
                    45.237894
                ]
            }
        },
        {
            "type": "Feature",
            "properties": {
                "TOCKA": "OP233",
                "STACIONAZA": null,
                "EHTRS96TM": 297760.067,
                "NHTRS96TM": 5014051.085,
                "H": 333.394,
                "STABILIZACIJA": "STRABAG - nepoznato faktor skaliranja od OP233 do OP234: 1.0004029",
                "STRANA": null,
                "UDALJENOST_OD_OSI": null,
                "PRUGA": "R101"
            },
            "geometry": {
                "type": "Point",
                "coordinates": [
                    13.924108,
                    45.237361
                ]
            }
        },
        {
            "type": "Feature",
            "properties": {
                "TOCKA": "OP234",
                "STACIONAZA": null,
                "EHTRS96TM": 297670.114,
                "NHTRS96TM": 5013887.435,
                "H": 335.72,
                "STABILIZACIJA": "STRABAG - nepoznato faktor skaliranja od OP234 do OP235: 1.0004034",
                "STRANA": null,
                "UDALJENOST_OD_OSI": null,
                "PRUGA": "R101"
            },
            "geometry": {
                "type": "Point",
                "coordinates": [
                    13.92303,
                    45.235864
                ]
            }
        },
        {
            "type": "Feature",
            "properties": {
                "TOCKA": "OP235",
                "STACIONAZA": null,
                "EHTRS96TM": 297587.346,
                "NHTRS96TM": 5013825.068,
                "H": 335.647,
                "STABILIZACIJA": "STRABAG - nepoznato faktor skaliranja od OP235 do OP236: 1.0004039",
                "STRANA": null,
                "UDALJENOST_OD_OSI": null,
                "PRUGA": "R101"
            },
            "geometry": {
                "type": "Point",
                "coordinates": [
                    13.922002,
                    45.235279
                ]
            }
        },
        {
            "type": "Feature",
            "properties": {
                "TOCKA": "OP236",
                "STACIONAZA": null,
                "EHTRS96TM": 297461.451,
                "NHTRS96TM": 5013807.484,
                "H": 335.312,
                "STABILIZACIJA": "STRABAG - nepoznato faktor skaliranja od OP236 do OP237: 1.0004045",
                "STRANA": null,
                "UDALJENOST_OD_OSI": null,
                "PRUGA": "R101"
            },
            "geometry": {
                "type": "Point",
                "coordinates": [
                    13.920407,
                    45.235085
                ]
            }
        },
        {
            "type": "Feature",
            "properties": {
                "TOCKA": "OP237",
                "STACIONAZA": null,
                "EHTRS96TM": 297362.338,
                "NHTRS96TM": 5013828.075,
                "H": 335.623,
                "STABILIZACIJA": "STRABAG - nepoznato faktor skaliranja od OP237 do OP238: 1.0004051",
                "STRANA": null,
                "UDALJENOST_OD_OSI": null,
                "PRUGA": "R101"
            },
            "geometry": {
                "type": "Point",
                "coordinates": [
                    13.919138,
                    45.235242
                ]
            }
        },
        {
            "type": "Feature",
            "properties": {
                "TOCKA": "OP238",
                "STACIONAZA": null,
                "EHTRS96TM": 297235.398,
                "NHTRS96TM": 5013895.586,
                "H": 335.484,
                "STABILIZACIJA": "STRABAG - nepoznato faktor skaliranja od OP238 do OP239: 1.000406",
                "STRANA": null,
                "UDALJENOST_OD_OSI": null,
                "PRUGA": "R101"
            },
            "geometry": {
                "type": "Point",
                "coordinates": [
                    13.917495,
                    45.235812
                ]
            }
        },
        {
            "type": "Feature",
            "properties": {
                "TOCKA": "OP239",
                "STACIONAZA": null,
                "EHTRS96TM": 296985.683,
                "NHTRS96TM": 5013910.449,
                "H": 336.149,
                "STABILIZACIJA": "STRABAG - nepoznato faktor skaliranja od OP239 do OP240: 1.0004072",
                "STRANA": null,
                "UDALJENOST_OD_OSI": null,
                "PRUGA": "R101"
            },
            "geometry": {
                "type": "Point",
                "coordinates": [
                    13.914312,
                    45.235874
                ]
            }
        },
        {
            "type": "Feature",
            "properties": {
                "TOCKA": "OP240",
                "STACIONAZA": null,
                "EHTRS96TM": 296753.577,
                "NHTRS96TM": 5013874.431,
                "H": 335.99,
                "STABILIZACIJA": "STRABAG - nepoznato faktor skaliranja od OP240 do OP241: 1.0004083",
                "STRANA": null,
                "UDALJENOST_OD_OSI": null,
                "PRUGA": "R101"
            },
            "geometry": {
                "type": "Point",
                "coordinates": [
                    13.911374,
                    45.235483
                ]
            }
        },
        {
            "type": "Feature",
            "properties": {
                "TOCKA": "OP241",
                "STACIONAZA": null,
                "EHTRS96TM": 296567.081,
                "NHTRS96TM": 5013810.959,
                "H": 340.355,
                "STABILIZACIJA": "STRABAG - nepoznato faktor skaliranja od OP241 do OP242: 1.0004093",
                "STRANA": null,
                "UDALJENOST_OD_OSI": null,
                "PRUGA": "R101"
            },
            "geometry": {
                "type": "Point",
                "coordinates": [
                    13.909027,
                    45.234858
                ]
            }
        },
        {
            "type": "Feature",
            "properties": {
                "TOCKA": "OP242",
                "STACIONAZA": null,
                "EHTRS96TM": 296351.43,
                "NHTRS96TM": 5013836.82,
                "H": 344.328,
                "STABILIZACIJA": "STRABAG - nepoznato faktor skaliranja od OP242 do OP243: 1.0004104",
                "STRANA": null,
                "UDALJENOST_OD_OSI": null,
                "PRUGA": "R101"
            },
            "geometry": {
                "type": "Point",
                "coordinates": [
                    13.906272,
                    45.235029
                ]
            }
        },
        {
            "type": "Feature",
            "properties": {
                "TOCKA": "OP243",
                "STACIONAZA": null,
                "EHTRS96TM": 296120.534,
                "NHTRS96TM": 5013872.913,
                "H": 348.035,
                "STABILIZACIJA": "STRABAG - nepoznato faktor skaliranja od OP243 do OP244: 1.0004114",
                "STRANA": null,
                "UDALJENOST_OD_OSI": null,
                "PRUGA": "R101"
            },
            "geometry": {
                "type": "Point",
                "coordinates": [
                    13.90332,
                    45.235286
                ]
            }
        },
        {
            "type": "Feature",
            "properties": {
                "TOCKA": "OP244",
                "STACIONAZA": null,
                "EHTRS96TM": 295960.483,
                "NHTRS96TM": 5013903.793,
                "H": 351.901,
                "STABILIZACIJA": "STRABAG - nepoznato faktor skaliranja od OP244 do OP245: 1.0004121",
                "STRANA": null,
                "UDALJENOST_OD_OSI": null,
                "PRUGA": "R101"
            },
            "geometry": {
                "type": "Point",
                "coordinates": [
                    13.901271,
                    45.235517
                ]
            }
        },
        {
            "type": "Feature",
            "properties": {
                "TOCKA": "OP245",
                "STACIONAZA": null,
                "EHTRS96TM": 295837.072,
                "NHTRS96TM": 5013879.191,
                "H": 354.443,
                "STABILIZACIJA": "STRABAG - nepoznato faktor skaliranja od OP245 do OP246: 1.0004127",
                "STRANA": null,
                "UDALJENOST_OD_OSI": null,
                "PRUGA": "R101"
            },
            "geometry": {
                "type": "Point",
                "coordinates": [
                    13.899711,
                    45.235261
                ]
            }
        },
        {
            "type": "Feature",
            "properties": {
                "TOCKA": "OP246",
                "STACIONAZA": null,
                "EHTRS96TM": 295702.416,
                "NHTRS96TM": 5013814.726,
                "H": 357.137,
                "STABILIZACIJA": "STRABAG - nepoznato faktor skaliranja od OP246 do OP247: 1.0004133",
                "STRANA": null,
                "UDALJENOST_OD_OSI": null,
                "PRUGA": "R101"
            },
            "geometry": {
                "type": "Point",
                "coordinates": [
                    13.898024,
                    45.234642
                ]
            }
        },
        {
            "type": "Feature",
            "properties": {
                "TOCKA": "OP247",
                "STACIONAZA": null,
                "EHTRS96TM": 295615.081,
                "NHTRS96TM": 5013716.747,
                "H": 359.646,
                "STABILIZACIJA": "STRABAG - nepoznato faktor skaliranja od OP247 do OP248: 1.0004137",
                "STRANA": null,
                "UDALJENOST_OD_OSI": null,
                "PRUGA": "R101"
            },
            "geometry": {
                "type": "Point",
                "coordinates": [
                    13.896953,
                    45.233736
                ]
            }
        },
        {
            "type": "Feature",
            "properties": {
                "TOCKA": "OP248",
                "STACIONAZA": null,
                "EHTRS96TM": 295549.498,
                "NHTRS96TM": 5013587.325,
                "H": 362.948,
                "STABILIZACIJA": "STRABAG - nepoznato faktor skaliranja od OP248 do OP249: 1.0004139",
                "STRANA": null,
                "UDALJENOST_OD_OSI": null,
                "PRUGA": "R101"
            },
            "geometry": {
                "type": "Point",
                "coordinates": [
                    13.896172,
                    45.232553
                ]
            }
        },
        {
            "type": "Feature",
            "properties": {
                "TOCKA": "OP249",
                "STACIONAZA": null,
                "EHTRS96TM": 295506.61,
                "NHTRS96TM": 5013331.605,
                "H": 367.859,
                "STABILIZACIJA": "STRABAG - nepoznato faktor skaliranja od OP249 do OP250: 1.0004142",
                "STRANA": null,
                "UDALJENOST_OD_OSI": null,
                "PRUGA": "R101"
            },
            "geometry": {
                "type": "Point",
                "coordinates": [
                    13.895731,
                    45.230242
                ]
            }
        },
        {
            "type": "Feature",
            "properties": {
                "TOCKA": "OP250",
                "STACIONAZA": null,
                "EHTRS96TM": 295452.553,
                "NHTRS96TM": 5013078.045,
                "H": 368.397,
                "STABILIZACIJA": "STRABAG - nepoznato faktor skaliranja od OP250 do OP251: 1.0004144",
                "STRANA": null,
                "UDALJENOST_OD_OSI": null,
                "PRUGA": "R101"
            },
            "geometry": {
                "type": "Point",
                "coordinates": [
                    13.895148,
                    45.227947
                ]
            }
        },
        {
            "type": "Feature",
            "properties": {
                "TOCKA": "OP251",
                "STACIONAZA": null,
                "EHTRS96TM": 295425.822,
                "NHTRS96TM": 5012937.555,
                "H": 368.524,
                "STABILIZACIJA": "STRABAG - nepoznato faktor skaliranja od OP251 do OP252: 1.0004146",
                "STRANA": null,
                "UDALJENOST_OD_OSI": null,
                "PRUGA": "R101"
            },
            "geometry": {
                "type": "Point",
                "coordinates": [
                    13.894865,
                    45.226676
                ]
            }
        },
        {
            "type": "Feature",
            "properties": {
                "TOCKA": "OP252",
                "STACIONAZA": null,
                "EHTRS96TM": 295371.348,
                "NHTRS96TM": 5012749.866,
                "H": 369.002,
                "STABILIZACIJA": "STRABAG - nepoznato faktor skaliranja od OP252 do OP253: 1.0004149",
                "STRANA": null,
                "UDALJENOST_OD_OSI": null,
                "PRUGA": "R101"
            },
            "geometry": {
                "type": "Point",
                "coordinates": [
                    13.894249,
                    45.224973
                ]
            }
        },
        {
            "type": "Feature",
            "properties": {
                "TOCKA": "OP253",
                "STACIONAZA": null,
                "EHTRS96TM": 295315.468,
                "NHTRS96TM": 5012516.679,
                "H": 368.948,
                "STABILIZACIJA": "STRABAG - nepoznato faktor skaliranja od OP253 do OP254: 1.0004154",
                "STRANA": null,
                "UDALJENOST_OD_OSI": null,
                "PRUGA": "R101"
            },
            "geometry": {
                "type": "Point",
                "coordinates": [
                    13.893634,
                    45.222861
                ]
            }
        },
        {
            "type": "Feature",
            "properties": {
                "TOCKA": "OP254",
                "STACIONAZA": null,
                "EHTRS96TM": 295257.879,
                "NHTRS96TM": 5012319.461,
                "H": 368.472,
                "STABILIZACIJA": "STRABAG - nepoznato faktor skaliranja od OP254 do OP255: 1.0004156",
                "STRANA": null,
                "UDALJENOST_OD_OSI": null,
                "PRUGA": "R101"
            },
            "geometry": {
                "type": "Point",
                "coordinates": [
                    13.892983,
                    45.221071
                ]
            }
        },
        {
            "type": "Feature",
            "properties": {
                "TOCKA": "OP255",
                "STACIONAZA": null,
                "EHTRS96TM": 295229.846,
                "NHTRS96TM": 5012238.096,
                "H": 368.741,
                "STABILIZACIJA": "STRABAG - nepoznato faktor skaliranja od OP255 do OP256: 1.0004158",
                "STRANA": null,
                "UDALJENOST_OD_OSI": null,
                "PRUGA": "R101"
            },
            "geometry": {
                "type": "Point",
                "coordinates": [
                    13.89266,
                    45.220332
                ]
            }
        },
        {
            "type": "Feature",
            "properties": {
                "TOCKA": "OP256",
                "STACIONAZA": null,
                "EHTRS96TM": 295151,
                "NHTRS96TM": 5012150.47,
                "H": 368.913,
                "STABILIZACIJA": "STRABAG - nepoznato faktor skaliranja od OP256 do OP257: 1.0004162",
                "STRANA": null,
                "UDALJENOST_OD_OSI": null,
                "PRUGA": "R101"
            },
            "geometry": {
                "type": "Point",
                "coordinates": [
                    13.891693,
                    45.219521
                ]
            }
        },
        {
            "type": "Feature",
            "properties": {
                "TOCKA": "OP257",
                "STACIONAZA": null,
                "EHTRS96TM": 295003.001,
                "NHTRS96TM": 5012058.774,
                "H": 368.474,
                "STABILIZACIJA": "STRABAG - nepoznato faktor skaliranja od OP257 do OP258: 1.0004168",
                "STRANA": null,
                "UDALJENOST_OD_OSI": null,
                "PRUGA": "R101"
            },
            "geometry": {
                "type": "Point",
                "coordinates": [
                    13.889848,
                    45.218654
                ]
            }
        },
        {
            "type": "Feature",
            "properties": {
                "TOCKA": "OP258",
                "STACIONAZA": null,
                "EHTRS96TM": 294907.787,
                "NHTRS96TM": 5011985.879,
                "H": 368.723,
                "STABILIZACIJA": "STRABAG - nepoznato faktor skaliranja od OP258 do OP259: 1.0004173",
                "STRANA": null,
                "UDALJENOST_OD_OSI": null,
                "PRUGA": "R101"
            },
            "geometry": {
                "type": "Point",
                "coordinates": [
                    13.888667,
                    45.217971
                ]
            }
        },
        {
            "type": "Feature",
            "properties": {
                "TOCKA": "OP259",
                "STACIONAZA": null,
                "EHTRS96TM": 294799.287,
                "NHTRS96TM": 5011790.85,
                "H": 369.71,
                "STABILIZACIJA": "STRABAG - nepoznato faktor skaliranja od OP259 do OP260: 1.0004173",
                "STRANA": null,
                "UDALJENOST_OD_OSI": null,
                "PRUGA": "R101"
            },
            "geometry": {
                "type": "Point",
                "coordinates": [
                    13.887368,
                    45.216186
                ]
            }
        },
        {
            "type": "Feature",
            "properties": {
                "TOCKA": "OP260",
                "STACIONAZA": null,
                "EHTRS96TM": 294752.135,
                "NHTRS96TM": 5011627.28,
                "H": 371.752,
                "STABILIZACIJA": "STRABAG - nepoznato faktor skaliranja od OP260 do OP261: 1.0004185",
                "STRANA": null,
                "UDALJENOST_OD_OSI": null,
                "PRUGA": "R101"
            },
            "geometry": {
                "type": "Point",
                "coordinates": [
                    13.886835,
                    45.214702
                ]
            }
        },
        {
            "type": "Feature",
            "properties": {
                "TOCKA": "OP261",
                "STACIONAZA": null,
                "EHTRS96TM": 294652.985,
                "NHTRS96TM": 5011407.109,
                "H": 372.414,
                "STABILIZACIJA": "STRABAG - nepoznato faktor skaliranja od OP261 do OP262: 1.0004185",
                "STRANA": null,
                "UDALJENOST_OD_OSI": null,
                "PRUGA": "R101"
            },
            "geometry": {
                "type": "Point",
                "coordinates": [
                    13.885665,
                    45.212694
                ]
            }
        },
        {
            "type": "Feature",
            "properties": {
                "TOCKA": "OP262",
                "STACIONAZA": null,
                "EHTRS96TM": 294578.523,
                "NHTRS96TM": 5011212.861,
                "H": 372.8,
                "STABILIZACIJA": "STRABAG - nepoznato faktor skaliranja od OP262 do OP263: 1.000419",
                "STRANA": null,
                "UDALJENOST_OD_OSI": null,
                "PRUGA": "R101"
            },
            "geometry": {
                "type": "Point",
                "coordinates": [
                    13.884798,
                    45.210926
                ]
            }
        },
        {
            "type": "Feature",
            "properties": {
                "TOCKA": "OP263",
                "STACIONAZA": null,
                "EHTRS96TM": 294481.591,
                "NHTRS96TM": 5010974.043,
                "H": 371.935,
                "STABILIZACIJA": "STRABAG - nepoznato faktor skaliranja od OP263 do OP264: 1.0004193",
                "STRANA": null,
                "UDALJENOST_OD_OSI": null,
                "PRUGA": "R101"
            },
            "geometry": {
                "type": "Point",
                "coordinates": [
                    13.883664,
                    45.208751
                ]
            }
        },
        {
            "type": "Feature",
            "properties": {
                "TOCKA": "OP264",
                "STACIONAZA": null,
                "EHTRS96TM": 294444.324,
                "NHTRS96TM": 5010820.786,
                "H": 370.206,
                "STABILIZACIJA": "STRABAG - nepoznato faktor skaliranja od OP264 do OP265: 1.0004197",
                "STRANA": null,
                "UDALJENOST_OD_OSI": null,
                "PRUGA": "R101"
            },
            "geometry": {
                "type": "Point",
                "coordinates": [
                    13.883253,
                    45.207362
                ]
            }
        },
        {
            "type": "Feature",
            "properties": {
                "TOCKA": "OP265",
                "STACIONAZA": null,
                "EHTRS96TM": 294336.083,
                "NHTRS96TM": 5010651.854,
                "H": 369.954,
                "STABILIZACIJA": "STRABAG - nepoznato faktor skaliranja od OP265 do OP266: 1.0004202",
                "STRANA": null,
                "UDALJENOST_OD_OSI": null,
                "PRUGA": "R101"
            },
            "geometry": {
                "type": "Point",
                "coordinates": [
                    13.881946,
                    45.205812
                ]
            }
        },
        {
            "type": "Feature",
            "properties": {
                "TOCKA": "OP266",
                "STACIONAZA": null,
                "EHTRS96TM": 294246.638,
                "NHTRS96TM": 5010423.518,
                "H": 370.606,
                "STABILIZACIJA": "STRABAG - nepoznato faktor skaliranja od OP266 do OP267: 1.0004206",
                "STRANA": null,
                "UDALJENOST_OD_OSI": null,
                "PRUGA": "R101"
            },
            "geometry": {
                "type": "Point",
                "coordinates": [
                    13.880903,
                    45.203733
                ]
            }
        },
        {
            "type": "Feature",
            "properties": {
                "TOCKA": "OP267",
                "STACIONAZA": null,
                "EHTRS96TM": 294168.105,
                "NHTRS96TM": 5010271.472,
                "H": 370.545,
                "STABILIZACIJA": "STRABAG - nepoznato faktor skaliranja od OP267 do OP268: 1.000421",
                "STRANA": null,
                "UDALJENOST_OD_OSI": null,
                "PRUGA": "R101"
            },
            "geometry": {
                "type": "Point",
                "coordinates": [
                    13.879967,
                    45.202343
                ]
            }
        },
        {
            "type": "Feature",
            "properties": {
                "TOCKA": "OP268",
                "STACIONAZA": null,
                "EHTRS96TM": 294086.211,
                "NHTRS96TM": 5010147.823,
                "H": 370.448,
                "STABILIZACIJA": "STRABAG - nepoznato faktor skaliranja od OP268 do OP269: 1.0004216",
                "STRANA": null,
                "UDALJENOST_OD_OSI": null,
                "PRUGA": "R101"
            },
            "geometry": {
                "type": "Point",
                "coordinates": [
                    13.878977,
                    45.201208
                ]
            }
        },
        {
            "type": "Feature",
            "properties": {
                "TOCKA": "OP269",
                "STACIONAZA": null,
                "EHTRS96TM": 294059.397,
                "NHTRS96TM": 5009991.852,
                "H": 370.435,
                "STABILIZACIJA": "STRABAG - nepoznato faktor skaliranja od OP269 do OP270: 1.0004223",
                "STRANA": null,
                "UDALJENOST_OD_OSI": null,
                "PRUGA": "R101"
            },
            "geometry": {
                "type": "Point",
                "coordinates": [
                    13.8787,
                    45.199798
                ]
            }
        },
        {
            "type": "Feature",
            "properties": {
                "TOCKA": "OP270",
                "STACIONAZA": null,
                "EHTRS96TM": 293978.259,
                "NHTRS96TM": 5009802.789,
                "H": 371.598,
                "STABILIZACIJA": "STRABAG - nepoznato faktor skaliranja od OP270 do OP271: 1.0004225",
                "STRANA": null,
                "UDALJENOST_OD_OSI": null,
                "PRUGA": "R101"
            },
            "geometry": {
                "type": "Point",
                "coordinates": [
                    13.877747,
                    45.198075
                ]
            }
        },
        {
            "type": "Feature",
            "properties": {
                "TOCKA": "OP271",
                "STACIONAZA": null,
                "EHTRS96TM": 293943.392,
                "NHTRS96TM": 5009735.652,
                "H": 370.764,
                "STABILIZACIJA": "STRABAG - nepoznato faktor skaliranja od OP271 do OP272: 1.0004228",
                "STRANA": null,
                "UDALJENOST_OD_OSI": null,
                "PRUGA": "R101"
            },
            "geometry": {
                "type": "Point",
                "coordinates": [
                    13.877331,
                    45.197461
                ]
            }
        },
        {
            "type": "Feature",
            "properties": {
                "TOCKA": "OP272",
                "STACIONAZA": null,
                "EHTRS96TM": 293854.349,
                "NHTRS96TM": 5009655.668,
                "H": 370.208,
                "STABILIZACIJA": "STRABAG - nepoznato faktor skaliranja od OP272 do OP273: 1.000423",
                "STRANA": null,
                "UDALJENOST_OD_OSI": null,
                "PRUGA": "R101"
            },
            "geometry": {
                "type": "Point",
                "coordinates": [
                    13.876232,
                    45.196716
                ]
            }
        },
        {
            "type": "Feature",
            "properties": {
                "TOCKA": "OP273",
                "STACIONAZA": null,
                "EHTRS96TM": 293766.606,
                "NHTRS96TM": 5009616.055,
                "H": 368.86,
                "STABILIZACIJA": "STRABAG - nepoznato faktor skaliranja od OP273 do OP274: 1.0004233",
                "STRANA": null,
                "UDALJENOST_OD_OSI": null,
                "PRUGA": "R101"
            },
            "geometry": {
                "type": "Point",
                "coordinates": [
                    13.875133,
                    45.196334
                ]
            }
        },
        {
            "type": "Feature",
            "properties": {
                "TOCKA": "OP274",
                "STACIONAZA": null,
                "EHTRS96TM": 293686.945,
                "NHTRS96TM": 5009606.852,
                "H": 367.087,
                "STABILIZACIJA": "STRABAG - nepoznato faktor skaliranja od OP274 do OP275: 1.0004236",
                "STRANA": null,
                "UDALJENOST_OD_OSI": null,
                "PRUGA": "R101"
            },
            "geometry": {
                "type": "Point",
                "coordinates": [
                    13.874124,
                    45.196228
                ]
            }
        },
        {
            "type": "Feature",
            "properties": {
                "TOCKA": "OP275",
                "STACIONAZA": null,
                "EHTRS96TM": 293610.792,
                "NHTRS96TM": 5009605.395,
                "H": 365.557,
                "STABILIZACIJA": "STRABAG - nepoznato faktor skaliranja od OP275 do OP276: 1.0004238",
                "STRANA": null,
                "UDALJENOST_OD_OSI": null,
                "PRUGA": "R101"
            },
            "geometry": {
                "type": "Point",
                "coordinates": [
                    13.873156,
                    45.196193
                ]
            }
        },
        {
            "type": "Feature",
            "properties": {
                "TOCKA": "OP276",
                "STACIONAZA": null,
                "EHTRS96TM": 293531.399,
                "NHTRS96TM": 5009628.189,
                "H": 364.368,
                "STABILIZACIJA": "STRABAG - nepoznato faktor skaliranja od OP276 do OP277: 1.0004245",
                "STRANA": null,
                "UDALJENOST_OD_OSI": null,
                "PRUGA": "R101"
            },
            "geometry": {
                "type": "Point",
                "coordinates": [
                    13.872138,
                    45.196375
                ]
            }
        },
        {
            "type": "Feature",
            "properties": {
                "TOCKA": "OP277",
                "STACIONAZA": null,
                "EHTRS96TM": 293422.475,
                "NHTRS96TM": 5009641.709,
                "H": 361.874,
                "STABILIZACIJA": "STRABAG - nepoznato faktor skaliranja od OP277 do OP278: 1.0004245",
                "STRANA": null,
                "UDALJENOST_OD_OSI": null,
                "PRUGA": "R101"
            },
            "geometry": {
                "type": "Point",
                "coordinates": [
                    13.870747,
                    45.196464
                ]
            }
        },
        {
            "type": "Feature",
            "properties": {
                "TOCKA": "OP278",
                "STACIONAZA": null,
                "EHTRS96TM": 293336.549,
                "NHTRS96TM": 5009619.403,
                "H": 360.132,
                "STABILIZACIJA": "STRABAG - nepoznato faktor skaliranja od OP278 do OP279: 1.0004252",
                "STRANA": null,
                "UDALJENOST_OD_OSI": null,
                "PRUGA": "R101"
            },
            "geometry": {
                "type": "Point",
                "coordinates": [
                    13.869664,
                    45.196238
                ]
            }
        },
        {
            "type": "Feature",
            "properties": {
                "TOCKA": "OP279",
                "STACIONAZA": null,
                "EHTRS96TM": 293255.661,
                "NHTRS96TM": 5009582.084,
                "H": 358.253,
                "STABILIZACIJA": "STRABAG - nepoznato faktor skaliranja od OP279 do OP280: 1.0004256",
                "STRANA": null,
                "UDALJENOST_OD_OSI": null,
                "PRUGA": "R101"
            },
            "geometry": {
                "type": "Point",
                "coordinates": [
                    13.868651,
                    45.195879
                ]
            }
        },
        {
            "type": "Feature",
            "properties": {
                "TOCKA": "OP280",
                "STACIONAZA": null,
                "EHTRS96TM": 293173.649,
                "NHTRS96TM": 5009492.439,
                "H": 355.44,
                "STABILIZACIJA": "STRABAG - nepoznato faktor skaliranja od OP280 do OP281: 1.0004259",
                "STRANA": null,
                "UDALJENOST_OD_OSI": null,
                "PRUGA": "R101"
            },
            "geometry": {
                "type": "Point",
                "coordinates": [
                    13.867645,
                    45.195049
                ]
            }
        },
        {
            "type": "Feature",
            "properties": {
                "TOCKA": "OP281",
                "STACIONAZA": null,
                "EHTRS96TM": 293143.557,
                "NHTRS96TM": 5009386.577,
                "H": 353.414,
                "STABILIZACIJA": "STRABAG - nepoznato faktor skaliranja od OP281 do OP282: 1.000426",
                "STRANA": null,
                "UDALJENOST_OD_OSI": null,
                "PRUGA": "R101"
            },
            "geometry": {
                "type": "Point",
                "coordinates": [
                    13.867307,
                    45.194089
                ]
            }
        },
        {
            "type": "Feature",
            "properties": {
                "TOCKA": "OP282",
                "STACIONAZA": null,
                "EHTRS96TM": 293140.741,
                "NHTRS96TM": 5009251.046,
                "H": 350.421,
                "STABILIZACIJA": "STRABAG - nepoznato faktor skaliranja od OP282 do OP283: 1.000426",
                "STRANA": null,
                "UDALJENOST_OD_OSI": null,
                "PRUGA": "R101"
            },
            "geometry": {
                "type": "Point",
                "coordinates": [
                    13.867327,
                    45.19287
                ]
            }
        },
        {
            "type": "Feature",
            "properties": {
                "TOCKA": "OP283",
                "STACIONAZA": null,
                "EHTRS96TM": 293145.224,
                "NHTRS96TM": 5009134.102,
                "H": 348.366,
                "STABILIZACIJA": "STRABAG - nepoznato faktor skaliranja od OP283 do OP284: 1.0004261",
                "STRANA": null,
                "UDALJENOST_OD_OSI": null,
                "PRUGA": "R101"
            },
            "geometry": {
                "type": "Point",
                "coordinates": [
                    13.867433,
                    45.19182
                ]
            }
        },
        {
            "type": "Feature",
            "properties": {
                "TOCKA": "OP284",
                "STACIONAZA": null,
                "EHTRS96TM": 293102.124,
                "NHTRS96TM": 5009038.576,
                "H": 345.884,
                "STABILIZACIJA": "STRABAG - nepoznato faktor skaliranja od OP284 do OP285: 1.0004264",
                "STRANA": null,
                "UDALJENOST_OD_OSI": null,
                "PRUGA": "R101"
            },
            "geometry": {
                "type": "Point",
                "coordinates": [
                    13.866924,
                    45.190948
                ]
            }
        },
        {
            "type": "Feature",
            "properties": {
                "TOCKA": "OP285",
                "STACIONAZA": null,
                "EHTRS96TM": 293016.4,
                "NHTRS96TM": 5008927.337,
                "H": 343.022,
                "STABILIZACIJA": "STRABAG - nepoznato faktor skaliranja od OP285 do OP286: 1.0004268",
                "STRANA": null,
                "UDALJENOST_OD_OSI": null,
                "PRUGA": "R101"
            },
            "geometry": {
                "type": "Point",
                "coordinates": [
                    13.865881,
                    45.189923
                ]
            }
        },
        {
            "type": "Feature",
            "properties": {
                "TOCKA": "OP286",
                "STACIONAZA": null,
                "EHTRS96TM": 292962.393,
                "NHTRS96TM": 5008848.919,
                "H": 341.567,
                "STABILIZACIJA": "STRABAG - nepoznato faktor skaliranja od OP286 do OP287: 1.000427",
                "STRANA": null,
                "UDALJENOST_OD_OSI": null,
                "PRUGA": "R101"
            },
            "geometry": {
                "type": "Point",
                "coordinates": [
                    13.865227,
                    45.189203
                ]
            }
        },
        {
            "type": "Feature",
            "properties": {
                "TOCKA": "OP287",
                "STACIONAZA": null,
                "EHTRS96TM": 292948.239,
                "NHTRS96TM": 5008716.917,
                "H": 340.018,
                "STABILIZACIJA": "STRABAG - nepoznato faktor skaliranja od OP287 do OP288: 1.000427",
                "STRANA": null,
                "UDALJENOST_OD_OSI": null,
                "PRUGA": "R101"
            },
            "geometry": {
                "type": "Point",
                "coordinates": [
                    13.865101,
                    45.188012
                ]
            }
        },
        {
            "type": "Feature",
            "properties": {
                "TOCKA": "OP288",
                "STACIONAZA": null,
                "EHTRS96TM": 292964.293,
                "NHTRS96TM": 5008625.111,
                "H": 339.467,
                "STABILIZACIJA": "STRABAG - nepoznato faktor skaliranja od OP288 do OP289: 1.0004267",
                "STRANA": null,
                "UDALJENOST_OD_OSI": null,
                "PRUGA": "R101"
            },
            "geometry": {
                "type": "Point",
                "coordinates": [
                    13.865344,
                    45.187191
                ]
            }
        },
        {
            "type": "Feature",
            "properties": {
                "TOCKA": "OP289",
                "STACIONAZA": null,
                "EHTRS96TM": 293053.469,
                "NHTRS96TM": 5008473.341,
                "H": 339.927,
                "STABILIZACIJA": "STRABAG - nepoznato faktor skaliranja od OP288 do OP289: 1.0004267",
                "STRANA": null,
                "UDALJENOST_OD_OSI": null,
                "PRUGA": "R101"
            },
            "geometry": {
                "type": "Point",
                "coordinates": [
                    13.86654,
                    45.185853
                ]
            }
        },
        {
            "type": "Feature",
            "properties": {
                "TOCKA": "P1",
                "STACIONAZA": 49.84,
                "EHTRS96TM": 475815.457,
                "NHTRS96TM": 4877502.745,
                "H": 221.808,
                "STABILIZACIJA": "BOLCNA",
                "STRANA": "L",
                "UDALJENOST_OD_OSI": -3.17,
                "PRUGA": "M606"
            },
            "geometry": {
                "type": "Point",
                "coordinates": [
                    16.198252,
                    44.037115
                ]
            }
        },
        {
            "type": "Feature",
            "properties": {
                "TOCKA": "P2",
                "STACIONAZA": 272.37,
                "EHTRS96TM": 475793.03,
                "NHTRS96TM": 4877724.149,
                "H": 221.94,
                "STABILIZACIJA": "GRADSKI POLIGON",
                "STRANA": "L",
                "UDALJENOST_OD_OSI": -4.04,
                "PRUGA": "M606"
            },
            "geometry": {
                "type": "Point",
                "coordinates": [
                    16.197962,
                    44.039107
                ]
            }
        },
        {
            "type": "Feature",
            "properties": {
                "TOCKA": "P3",
                "STACIONAZA": 523.05,
                "EHTRS96TM": 475797.118,
                "NHTRS96TM": 4877977.68,
                "H": 222.832,
                "STABILIZACIJA": "TIPLA",
                "STRANA": "D",
                "UDALJENOST_OD_OSI": 20.64,
                "PRUGA": "M606"
            },
            "geometry": {
                "type": "Point",
                "coordinates": [
                    16.198002,
                    44.041389
                ]
            }
        },
        {
            "type": "Feature",
            "properties": {
                "TOCKA": "P4",
                "STACIONAZA": 684.29,
                "EHTRS96TM": 475715.006,
                "NHTRS96TM": 4878122.711,
                "H": 223.872,
                "STABILIZACIJA": "TIPLA",
                "STRANA": "D",
                "UDALJENOST_OD_OSI": 5.65,
                "PRUGA": "M606"
            },
            "geometry": {
                "type": "Point",
                "coordinates": [
                    16.19697,
                    44.042691
                ]
            }
        },
        {
            "type": "Feature",
            "properties": {
                "TOCKA": "P5",
                "STACIONAZA": 803.96,
                "EHTRS96TM": 475617.658,
                "NHTRS96TM": 4878193.881,
                "H": 223.976,
                "STABILIZACIJA": "TIPLA",
                "STRANA": "D",
                "UDALJENOST_OD_OSI": 2.55,
                "PRUGA": "M606"
            },
            "geometry": {
                "type": "Point",
                "coordinates": [
                    16.195752,
                    44.043329
                ]
            }
        },
        {
            "type": "Feature",
            "properties": {
                "TOCKA": "P6",
                "STACIONAZA": 928.35,
                "EHTRS96TM": 475497.521,
                "NHTRS96TM": 4878227.176,
                "H": 223.649,
                "STABILIZACIJA": "KAPA",
                "STRANA": "D",
                "UDALJENOST_OD_OSI": 3.05,
                "PRUGA": "M606"
            },
            "geometry": {
                "type": "Point",
                "coordinates": [
                    16.194252,
                    44.043624
                ]
            }
        },
        {
            "type": "Feature",
            "properties": {
                "TOCKA": "P7",
                "STACIONAZA": 1071.59,
                "EHTRS96TM": 475356.65,
                "NHTRS96TM": 4878201.263,
                "H": 223.935,
                "STABILIZACIJA": "KAPA",
                "STRANA": "D",
                "UDALJENOST_OD_OSI": 2.77,
                "PRUGA": "M606"
            },
            "geometry": {
                "type": "Point",
                "coordinates": [
                    16.192495,
                    44.043386
                ]
            }
        },
        {
            "type": "Feature",
            "properties": {
                "TOCKA": "P8",
                "STACIONAZA": 1202.43,
                "EHTRS96TM": 475249.517,
                "NHTRS96TM": 4878125.728,
                "H": 224.239,
                "STABILIZACIJA": "KAPA",
                "STRANA": "D",
                "UDALJENOST_OD_OSI": 2.88,
                "PRUGA": "M606"
            },
            "geometry": {
                "type": "Point",
                "coordinates": [
                    16.191162,
                    44.042703
                ]
            }
        },
        {
            "type": "Feature",
            "properties": {
                "TOCKA": "P9",
                "STACIONAZA": 1467.91,
                "EHTRS96TM": 475057.037,
                "NHTRS96TM": 4877942.796,
                "H": 226.352,
                "STABILIZACIJA": "KAPA",
                "STRANA": "L",
                "UDALJENOST_OD_OSI": -2.47,
                "PRUGA": "M606"
            },
            "geometry": {
                "type": "Point",
                "coordinates": [
                    16.188769,
                    44.04105
                ]
            }
        },
        {
            "type": "Feature",
            "properties": {
                "TOCKA": "P10",
                "STACIONAZA": 1639.92,
                "EHTRS96TM": 474926.733,
                "NHTRS96TM": 4877830.113,
                "H": 227.611,
                "STABILIZACIJA": "TIPLA",
                "STRANA": "L",
                "UDALJENOST_OD_OSI": -2.77,
                "PRUGA": "M606"
            },
            "geometry": {
                "type": "Point",
                "coordinates": [
                    16.187148,
                    44.040031
                ]
            }
        },
        {
            "type": "Feature",
            "properties": {
                "TOCKA": "P11",
                "STACIONAZA": 1741.85,
                "EHTRS96TM": 474833.497,
                "NHTRS96TM": 4877787.659,
                "H": 227.049,
                "STABILIZACIJA": "KAPA",
                "STRANA": "L",
                "UDALJENOST_OD_OSI": -3.29,
                "PRUGA": "M606"
            },
            "geometry": {
                "type": "Point",
                "coordinates": [
                    16.185987,
                    44.039646
                ]
            }
        },
        {
            "type": "Feature",
            "properties": {
                "TOCKA": "P12",
                "STACIONAZA": 1846.6,
                "EHTRS96TM": 474728.154,
                "NHTRS96TM": 4877777.479,
                "H": 228.956,
                "STABILIZACIJA": "KAPA",
                "STRANA": "L",
                "UDALJENOST_OD_OSI": -5.79,
                "PRUGA": "M606"
            },
            "geometry": {
                "type": "Point",
                "coordinates": [
                    16.184673,
                    44.039551
                ]
            }
        },
        {
            "type": "Feature",
            "properties": {
                "TOCKA": "P13",
                "STACIONAZA": 1965.28,
                "EHTRS96TM": 474615.001,
                "NHTRS96TM": 4877816.073,
                "H": 227.107,
                "STABILIZACIJA": "TIPLA",
                "STRANA": "L",
                "UDALJENOST_OD_OSI": -2.3,
                "PRUGA": "M606"
            },
            "geometry": {
                "type": "Point",
                "coordinates": [
                    16.183259,
                    44.039894
                ]
            }
        },
        {
            "type": "Feature",
            "properties": {
                "TOCKA": "P14",
                "STACIONAZA": 2078,
                "EHTRS96TM": 474526.429,
                "NHTRS96TM": 4877886.548,
                "H": 226.147,
                "STABILIZACIJA": "KAPA",
                "STRANA": "L",
                "UDALJENOST_OD_OSI": -3.75,
                "PRUGA": "M606"
            },
            "geometry": {
                "type": "Point",
                "coordinates": [
                    16.182151,
                    44.040525
                ]
            }
        },
        {
            "type": "Feature",
            "properties": {
                "TOCKA": "P15",
                "STACIONAZA": 2277.57,
                "EHTRS96TM": 474437.126,
                "NHTRS96TM": 4878065.396,
                "H": 224.769,
                "STABILIZACIJA": "KAPA",
                "STRANA": "D",
                "UDALJENOST_OD_OSI": 2.95,
                "PRUGA": "M606"
            },
            "geometry": {
                "type": "Point",
                "coordinates": [
                    16.181028,
                    44.042132
                ]
            }
        },
        {
            "type": "Feature",
            "properties": {
                "TOCKA": "P16",
                "STACIONAZA": 2461.41,
                "EHTRS96TM": 474317.982,
                "NHTRS96TM": 4878205.745,
                "H": 224.561,
                "STABILIZACIJA": "KAPA",
                "STRANA": "L",
                "UDALJENOST_OD_OSI": -3.01,
                "PRUGA": "M606"
            },
            "geometry": {
                "type": "Point",
                "coordinates": [
                    16.179534,
                    44.043391
                ]
            }
        },
        {
            "type": "Feature",
            "properties": {
                "TOCKA": "P17",
                "STACIONAZA": 2681.26,
                "EHTRS96TM": 474201.923,
                "NHTRS96TM": 4878393.021,
                "H": 222.348,
                "STABILIZACIJA": "KAPA",
                "STRANA": "D",
                "UDALJENOST_OD_OSI": 3.4,
                "PRUGA": "M606"
            },
            "geometry": {
                "type": "Point",
                "coordinates": [
                    16.178077,
                    44.045073
                ]
            }
        },
        {
            "type": "Feature",
            "properties": {
                "TOCKA": "P18",
                "STACIONAZA": 2904.19,
                "EHTRS96TM": 474016.094,
                "NHTRS96TM": 4878516.706,
                "H": 221.427,
                "STABILIZACIJA": "KAPA",
                "STRANA": "D",
                "UDALJENOST_OD_OSI": 4.89,
                "PRUGA": "M606"
            },
            "geometry": {
                "type": "Point",
                "coordinates": [
                    16.175752,
                    44.046179
                ]
            }
        },
        {
            "type": "Feature",
            "properties": {
                "TOCKA": "P19",
                "STACIONAZA": 3072.91,
                "EHTRS96TM": 473853.319,
                "NHTRS96TM": 4878562.78,
                "H": 221.149,
                "STABILIZACIJA": "KAPA",
                "STRANA": "D",
                "UDALJENOST_OD_OSI": 3.53,
                "PRUGA": "M606"
            },
            "geometry": {
                "type": "Point",
                "coordinates": [
                    16.173719,
                    44.046588
                ]
            }
        },
        {
            "type": "Feature",
            "properties": {
                "TOCKA": "P20",
                "STACIONAZA": 3156.08,
                "EHTRS96TM": 473769.904,
                "NHTRS96TM": 4878563.993,
                "H": 221.212,
                "STABILIZACIJA": "KAPA",
                "STRANA": "L",
                "UDALJENOST_OD_OSI": -2.22,
                "PRUGA": "M606"
            },
            "geometry": {
                "type": "Point",
                "coordinates": [
                    16.172678,
                    44.046596
                ]
            }
        },
        {
            "type": "Feature",
            "properties": {
                "TOCKA": "P21",
                "STACIONAZA": 3252.26,
                "EHTRS96TM": 473675.399,
                "NHTRS96TM": 4878583.789,
                "H": 220.974,
                "STABILIZACIJA": "KAPA",
                "STRANA": "L",
                "UDALJENOST_OD_OSI": -2.37,
                "PRUGA": "M606"
            },
            "geometry": {
                "type": "Point",
                "coordinates": [
                    16.171497,
                    44.046771
                ]
            }
        },
        {
            "type": "Feature",
            "properties": {
                "TOCKA": "P22",
                "STACIONAZA": 3355.49,
                "EHTRS96TM": 473585.773,
                "NHTRS96TM": 4878635.659,
                "H": 220.515,
                "STABILIZACIJA": "KAPA",
                "STRANA": "L",
                "UDALJENOST_OD_OSI": -2.89,
                "PRUGA": "M606"
            },
            "geometry": {
                "type": "Point",
                "coordinates": [
                    16.170376,
                    44.047235
                ]
            }
        },
        {
            "type": "Feature",
            "properties": {
                "TOCKA": "P23",
                "STACIONAZA": 3474.19,
                "EHTRS96TM": 473510.855,
                "NHTRS96TM": 4878728.268,
                "H": 219.5,
                "STABILIZACIJA": "KAPA",
                "STRANA": "L",
                "UDALJENOST_OD_OSI": -3.33,
                "PRUGA": "M606"
            },
            "geometry": {
                "type": "Point",
                "coordinates": [
                    16.169437,
                    44.048065
                ]
            }
        },
        {
            "type": "Feature",
            "properties": {
                "TOCKA": "P24",
                "STACIONAZA": 3641.93,
                "EHTRS96TM": 473434.79,
                "NHTRS96TM": 4878878.245,
                "H": 219.028,
                "STABILIZACIJA": "KAPA",
                "STRANA": "D",
                "UDALJENOST_OD_OSI": 3.6,
                "PRUGA": "M606"
            },
            "geometry": {
                "type": "Point",
                "coordinates": [
                    16.16848,
                    44.049413
                ]
            }
        },
        {
            "type": "Feature",
            "properties": {
                "TOCKA": "P25",
                "STACIONAZA": 3819.78,
                "EHTRS96TM": 473291.214,
                "NHTRS96TM": 4878982.626,
                "H": 219.08,
                "STABILIZACIJA": "KAPA",
                "STRANA": "D",
                "UDALJENOST_OD_OSI": 4.13,
                "PRUGA": "M606"
            },
            "geometry": {
                "type": "Point",
                "coordinates": [
                    16.166683,
                    44.050347
                ]
            }
        },
        {
            "type": "Feature",
            "properties": {
                "TOCKA": "P26",
                "STACIONAZA": 4021.37,
                "EHTRS96TM": 473090.146,
                "NHTRS96TM": 4879000.075,
                "H": 219.35,
                "STABILIZACIJA": "KAPA",
                "STRANA": "D",
                "UDALJENOST_OD_OSI": 2.8,
                "PRUGA": "M606"
            },
            "geometry": {
                "type": "Point",
                "coordinates": [
                    16.164173,
                    44.050497
                ]
            }
        },
        {
            "type": "Feature",
            "properties": {
                "TOCKA": "P27",
                "STACIONAZA": 4311.92,
                "EHTRS96TM": 472799.303,
                "NHTRS96TM": 4879000.871,
                "H": 219.212,
                "STABILIZACIJA": "KAPA",
                "STRANA": "D",
                "UDALJENOST_OD_OSI": 3.3,
                "PRUGA": "M606"
            },
            "geometry": {
                "type": "Point",
                "coordinates": [
                    16.160544,
                    44.050493
                ]
            }
        },
        {
            "type": "Feature",
            "properties": {
                "TOCKA": "P28",
                "STACIONAZA": 4417.72,
                "EHTRS96TM": 472696.301,
                "NHTRS96TM": 4878974.546,
                "H": 219.054,
                "STABILIZACIJA": "KAPA",
                "STRANA": "D",
                "UDALJENOST_OD_OSI": 3.6,
                "PRUGA": "M606"
            },
            "geometry": {
                "type": "Point",
                "coordinates": [
                    16.159259,
                    44.050252
                ]
            }
        },
        {
            "type": "Feature",
            "properties": {
                "TOCKA": "P29",
                "STACIONAZA": 4644.76,
                "EHTRS96TM": 472497.417,
                "NHTRS96TM": 4878864.243,
                "H": 220.684,
                "STABILIZACIJA": "KAPA",
                "STRANA": "D",
                "UDALJENOST_OD_OSI": 2.69,
                "PRUGA": "M606"
            },
            "geometry": {
                "type": "Point",
                "coordinates": [
                    16.156783,
                    44.049252
                ]
            }
        },
        {
            "type": "Feature",
            "properties": {
                "TOCKA": "P30",
                "STACIONAZA": 4722.9,
                "EHTRS96TM": 472445.893,
                "NHTRS96TM": 4878804.926,
                "H": 220.763,
                "STABILIZACIJA": "TIPLA",
                "STRANA": "D",
                "UDALJENOST_OD_OSI": 2.79,
                "PRUGA": "M606"
            },
            "geometry": {
                "type": "Point",
                "coordinates": [
                    16.156143,
                    44.048716
                ]
            }
        },
        {
            "type": "Feature",
            "properties": {
                "TOCKA": "P31",
                "STACIONAZA": 4911.03,
                "EHTRS96TM": 472351.938,
                "NHTRS96TM": 4878641.51,
                "H": 221.256,
                "STABILIZACIJA": "KAPA",
                "STRANA": "L",
                "UDALJENOST_OD_OSI": -2.8,
                "PRUGA": "M606"
            },
            "geometry": {
                "type": "Point",
                "coordinates": [
                    16.154979,
                    44.047242
                ]
            }
        },
        {
            "type": "Feature",
            "properties": {
                "TOCKA": "P32",
                "STACIONAZA": 4995.13,
                "EHTRS96TM": 472289.139,
                "NHTRS96TM": 4878584.8,
                "H": 221.515,
                "STABILIZACIJA": "KAPA",
                "STRANA": "L",
                "UDALJENOST_OD_OSI": -2.85,
                "PRUGA": "M606"
            },
            "geometry": {
                "type": "Point",
                "coordinates": [
                    16.154199,
                    44.046729
                ]
            }
        },
        {
            "type": "Feature",
            "properties": {
                "TOCKA": "P33",
                "STACIONAZA": 5206.79,
                "EHTRS96TM": 472099.73,
                "NHTRS96TM": 4878489.085,
                "H": 222.671,
                "STABILIZACIJA": "KAPA",
                "STRANA": "L",
                "UDALJENOST_OD_OSI": -3.51,
                "PRUGA": "M606"
            },
            "geometry": {
                "type": "Point",
                "coordinates": [
                    16.15184,
                    44.04586
                ]
            }
        },
        {
            "type": "Feature",
            "properties": {
                "TOCKA": "P34",
                "STACIONAZA": 5322.96,
                "EHTRS96TM": 471985.539,
                "NHTRS96TM": 4878478.123,
                "H": 223.491,
                "STABILIZACIJA": "KAPA",
                "STRANA": "L",
                "UDALJENOST_OD_OSI": -3.01,
                "PRUGA": "M606"
            },
            "geometry": {
                "type": "Point",
                "coordinates": [
                    16.150416,
                    44.045757
                ]
            }
        },
        {
            "type": "Feature",
            "properties": {
                "TOCKA": "P35",
                "STACIONAZA": 5439.53,
                "EHTRS96TM": 471871.132,
                "NHTRS96TM": 4878510.537,
                "H": 224.215,
                "STABILIZACIJA": "KAPA",
                "STRANA": "L",
                "UDALJENOST_OD_OSI": -2.76,
                "PRUGA": "M606"
            },
            "geometry": {
                "type": "Point",
                "coordinates": [
                    16.148987,
                    44.046045
                ]
            }
        },
        {
            "type": "Feature",
            "properties": {
                "TOCKA": "P36",
                "STACIONAZA": 5585,
                "EHTRS96TM": 471735.71,
                "NHTRS96TM": 4878563.707,
                "H": 224.6,
                "STABILIZACIJA": "KAPA",
                "STRANA": "D",
                "UDALJENOST_OD_OSI": 2.82,
                "PRUGA": "M606"
            },
            "geometry": {
                "type": "Point",
                "coordinates": [
                    16.147294,
                    44.046518
                ]
            }
        },
        {
            "type": "Feature",
            "properties": {
                "TOCKA": "P37",
                "STACIONAZA": 5705.92,
                "EHTRS96TM": 471614.476,
                "NHTRS96TM": 4878559.269,
                "H": 225.766,
                "STABILIZACIJA": "KAPA",
                "STRANA": "D",
                "UDALJENOST_OD_OSI": 3.25,
                "PRUGA": "M606"
            },
            "geometry": {
                "type": "Point",
                "coordinates": [
                    16.145781,
                    44.046473
                ]
            }
        },
        {
            "type": "Feature",
            "properties": {
                "TOCKA": "P38",
                "STACIONAZA": 5835.32,
                "EHTRS96TM": 471498.45,
                "NHTRS96TM": 4878501.338,
                "H": 226.584,
                "STABILIZACIJA": "KAPA",
                "STRANA": "D",
                "UDALJENOST_OD_OSI": 2.74,
                "PRUGA": "M606"
            },
            "geometry": {
                "type": "Point",
                "coordinates": [
                    16.144336,
                    44.045948
                ]
            }
        },
        {
            "type": "Feature",
            "properties": {
                "TOCKA": "P39",
                "STACIONAZA": 6010.15,
                "EHTRS96TM": 471381.451,
                "NHTRS96TM": 4878370.973,
                "H": 228.303,
                "STABILIZACIJA": "KAPA",
                "STRANA": "L",
                "UDALJENOST_OD_OSI": -2.38,
                "PRUGA": "M606"
            },
            "geometry": {
                "type": "Point",
                "coordinates": [
                    16.142884,
                    44.04477
                ]
            }
        },
        {
            "type": "Feature",
            "properties": {
                "TOCKA": "P40",
                "STACIONAZA": 6098.58,
                "EHTRS96TM": 471312.192,
                "NHTRS96TM": 4878315.333,
                "H": 228.415,
                "STABILIZACIJA": "KAPA",
                "STRANA": "L",
                "UDALJENOST_OD_OSI": -2.99,
                "PRUGA": "M606"
            },
            "geometry": {
                "type": "Point",
                "coordinates": [
                    16.142022,
                    44.044266
                ]
            }
        },
        {
            "type": "Feature",
            "properties": {
                "TOCKA": "P41",
                "STACIONAZA": 6318.65,
                "EHTRS96TM": 471111.471,
                "NHTRS96TM": 4878218.234,
                "H": 230.251,
                "STABILIZACIJA": "KAPA",
                "STRANA": "L",
                "UDALJENOST_OD_OSI": -2.49,
                "PRUGA": "M606"
            },
            "geometry": {
                "type": "Point",
                "coordinates": [
                    16.139523,
                    44.043384
                ]
            }
        },
        {
            "type": "Feature",
            "properties": {
                "TOCKA": "P42",
                "STACIONAZA": 6437.96,
                "EHTRS96TM": 471018.999,
                "NHTRS96TM": 4878146.757,
                "H": 231.157,
                "STABILIZACIJA": "KAPA",
                "STRANA": "D",
                "UDALJENOST_OD_OSI": 2.55,
                "PRUGA": "M606"
            },
            "geometry": {
                "type": "Point",
                "coordinates": [
                    16.138373,
                    44.042737
                ]
            }
        },
        {
            "type": "Feature",
            "properties": {
                "TOCKA": "P43",
                "STACIONAZA": 6599.52,
                "EHTRS96TM": 470913.112,
                "NHTRS96TM": 4878024.173,
                "H": 232.289,
                "STABILIZACIJA": "KAPA",
                "STRANA": "L",
                "UDALJENOST_OD_OSI": -2.53,
                "PRUGA": "M606"
            },
            "geometry": {
                "type": "Point",
                "coordinates": [
                    16.137059,
                    44.04163
                ]
            }
        },
        {
            "type": "Feature",
            "properties": {
                "TOCKA": "P44",
                "STACIONAZA": 6775.4,
                "EHTRS96TM": 470786.007,
                "NHTRS96TM": 4877902.136,
                "H": 233.413,
                "STABILIZACIJA": "KAPA",
                "STRANA": "D",
                "UDALJENOST_OD_OSI": 3.92,
                "PRUGA": "M606"
            },
            "geometry": {
                "type": "Point",
                "coordinates": [
                    16.135479,
                    44.040526
                ]
            }
        },
        {
            "type": "Feature",
            "properties": {
                "TOCKA": "P45",
                "STACIONAZA": 7126.36,
                "EHTRS96TM": 470628.801,
                "NHTRS96TM": 4877587.887,
                "H": 236.246,
                "STABILIZACIJA": "KAPA",
                "STRANA": "L",
                "UDALJENOST_OD_OSI": -2.65,
                "PRUGA": "M606"
            },
            "geometry": {
                "type": "Point",
                "coordinates": [
                    16.133535,
                    44.037692
                ]
            }
        },
        {
            "type": "Feature",
            "properties": {
                "TOCKA": "P46",
                "STACIONAZA": 7290.76,
                "EHTRS96TM": 470538.519,
                "NHTRS96TM": 4877450.266,
                "H": 237.612,
                "STABILIZACIJA": "KAPA",
                "STRANA": "D",
                "UDALJENOST_OD_OSI": 2.23,
                "PRUGA": "M606"
            },
            "geometry": {
                "type": "Point",
                "coordinates": [
                    16.132416,
                    44.036449
                ]
            }
        },
        {
            "type": "Feature",
            "properties": {
                "TOCKA": "P47",
                "STACIONAZA": 7606.66,
                "EHTRS96TM": 470398.272,
                "NHTRS96TM": 4877166.89,
                "H": 239.889,
                "STABILIZACIJA": "KAPA",
                "STRANA": "L",
                "UDALJENOST_OD_OSI": -2.95,
                "PRUGA": "M606"
            },
            "geometry": {
                "type": "Point",
                "coordinates": [
                    16.130683,
                    44.033893
                ]
            }
        },
        {
            "type": "Feature",
            "properties": {
                "TOCKA": "P48",
                "STACIONAZA": 7749.4,
                "EHTRS96TM": 470311.199,
                "NHTRS96TM": 4877053.402,
                "H": 240.95,
                "STABILIZACIJA": "KAPA",
                "STRANA": "D",
                "UDALJENOST_OD_OSI": 2.62,
                "PRUGA": "M606"
            },
            "geometry": {
                "type": "Point",
                "coordinates": [
                    16.129603,
                    44.032868
                ]
            }
        },
        {
            "type": "Feature",
            "properties": {
                "TOCKA": "P49",
                "STACIONAZA": 7921.99,
                "EHTRS96TM": 470223.542,
                "NHTRS96TM": 4876904.441,
                "H": 242.593,
                "STABILIZACIJA": "TIPLA",
                "STRANA": "L",
                "UDALJENOST_OD_OSI": -2.46,
                "PRUGA": "M606"
            },
            "geometry": {
                "type": "Point",
                "coordinates": [
                    16.128517,
                    44.031524
                ]
            }
        },
        {
            "type": "Feature",
            "properties": {
                "TOCKA": "P50",
                "STACIONAZA": 8059.03,
                "EHTRS96TM": 470134.282,
                "NHTRS96TM": 4876798.917,
                "H": 242.79,
                "STABILIZACIJA": "KAPA",
                "STRANA": "D",
                "UDALJENOST_OD_OSI": 3.48,
                "PRUGA": "M606"
            },
            "geometry": {
                "type": "Point",
                "coordinates": [
                    16.12741,
                    44.030571
                ]
            }
        },
        {
            "type": "Feature",
            "properties": {
                "TOCKA": "P51",
                "STACIONAZA": 8238,
                "EHTRS96TM": 470043.415,
                "NHTRS96TM": 4876645.394,
                "H": 243.966,
                "STABILIZACIJA": "KAPA",
                "STRANA": "L",
                "UDALJENOST_OD_OSI": -3.19,
                "PRUGA": "M606"
            },
            "geometry": {
                "type": "Point",
                "coordinates": [
                    16.126285,
                    44.029185
                ]
            }
        },
        {
            "type": "Feature",
            "properties": {
                "TOCKA": "P52",
                "STACIONAZA": 8356.22,
                "EHTRS96TM": 469967.133,
                "NHTRS96TM": 4876554.668,
                "H": 245.569,
                "STABILIZACIJA": "KAPA",
                "STRANA": "L",
                "UDALJENOST_OD_OSI": -2.24,
                "PRUGA": "M606"
            },
            "geometry": {
                "type": "Point",
                "coordinates": [
                    16.125338,
                    44.028365
                ]
            }
        },
        {
            "type": "Feature",
            "properties": {
                "TOCKA": "P53",
                "STACIONAZA": 8498.07,
                "EHTRS96TM": 469847.298,
                "NHTRS96TM": 4876478.466,
                "H": 245.845,
                "STABILIZACIJA": "KAPA",
                "STRANA": "L",
                "UDALJENOST_OD_OSI": -2.44,
                "PRUGA": "M606"
            },
            "geometry": {
                "type": "Point",
                "coordinates": [
                    16.123848,
                    44.027675
                ]
            }
        },
        {
            "type": "Feature",
            "properties": {
                "TOCKA": "P54",
                "STACIONAZA": 8644.05,
                "EHTRS96TM": 469724.111,
                "NHTRS96TM": 4876400.548,
                "H": 246.827,
                "STABILIZACIJA": "KAPA",
                "STRANA": "D",
                "UDALJENOST_OD_OSI": 2.89,
                "PRUGA": "M606"
            },
            "geometry": {
                "type": "Point",
                "coordinates": [
                    16.122316,
                    44.026968
                ]
            }
        },
        {
            "type": "Feature",
            "properties": {
                "TOCKA": "P55",
                "STACIONAZA": 8804.66,
                "EHTRS96TM": 469621.647,
                "NHTRS96TM": 4876276.408,
                "H": 248.449,
                "STABILIZACIJA": "TIPLA",
                "STRANA": "L",
                "UDALJENOST_OD_OSI": -2.39,
                "PRUGA": "M606"
            },
            "geometry": {
                "type": "Point",
                "coordinates": [
                    16.121044,
                    44.025847
                ]
            }
        },
        {
            "type": "Feature",
            "properties": {
                "TOCKA": "P56",
                "STACIONAZA": 8911.5,
                "EHTRS96TM": 469531.706,
                "NHTRS96TM": 4876218.101,
                "H": 248.603,
                "STABILIZACIJA": "TIPLA",
                "STRANA": "L",
                "UDALJENOST_OD_OSI": -2.96,
                "PRUGA": "M606"
            },
            "geometry": {
                "type": "Point",
                "coordinates": [
                    16.119926,
                    44.025318
                ]
            }
        },
        {
            "type": "Feature",
            "properties": {
                "TOCKA": "P57",
                "STACIONAZA": 9059.49,
                "EHTRS96TM": 469396.451,
                "NHTRS96TM": 4876157.361,
                "H": 249.404,
                "STABILIZACIJA": "KAPA",
                "STRANA": "D",
                "UDALJENOST_OD_OSI": 3.58,
                "PRUGA": "M606"
            },
            "geometry": {
                "type": "Point",
                "coordinates": [
                    16.118242,
                    44.024766
                ]
            }
        },
        {
            "type": "Feature",
            "properties": {
                "TOCKA": "P58",
                "STACIONAZA": 9231.95,
                "EHTRS96TM": 469273.901,
                "NHTRS96TM": 4876035.628,
                "H": 250.85,
                "STABILIZACIJA": "KAPA",
                "STRANA": "L",
                "UDALJENOST_OD_OSI": -2.64,
                "PRUGA": "M606"
            },
            "geometry": {
                "type": "Point",
                "coordinates": [
                    16.116721,
                    44.023665
                ]
            }
        },
        {
            "type": "Feature",
            "properties": {
                "TOCKA": "P59",
                "STACIONAZA": 9381.11,
                "EHTRS96TM": 469154.181,
                "NHTRS96TM": 4875946.16,
                "H": 251.725,
                "STABILIZACIJA": "KAPA",
                "STRANA": "L",
                "UDALJENOST_OD_OSI": -3.94,
                "PRUGA": "M606"
            },
            "geometry": {
                "type": "Point",
                "coordinates": [
                    16.115232,
                    44.022855
                ]
            }
        },
        {
            "type": "Feature",
            "properties": {
                "TOCKA": "P60",
                "STACIONAZA": 9517.16,
                "EHTRS96TM": 469033.451,
                "NHTRS96TM": 4875881.937,
                "H": 253.07,
                "STABILIZACIJA": "KAPA",
                "STRANA": "D",
                "UDALJENOST_OD_OSI": 2.74,
                "PRUGA": "M606"
            },
            "geometry": {
                "type": "Point",
                "coordinates": [
                    16.11373,
                    44.022272
                ]
            }
        },
        {
            "type": "Feature",
            "properties": {
                "TOCKA": "P61",
                "STACIONAZA": 9746.52,
                "EHTRS96TM": 468855.261,
                "NHTRS96TM": 4875737.197,
                "H": 254.443,
                "STABILIZACIJA": "KAPA",
                "STRANA": "L",
                "UDALJENOST_OD_OSI": -4.75,
                "PRUGA": "M606"
            },
            "geometry": {
                "type": "Point",
                "coordinates": [
                    16.111516,
                    44.020961
                ]
            }
        },
        {
            "type": "Feature",
            "properties": {
                "TOCKA": "P61B",
                "STACIONAZA": 9882.17,
                "EHTRS96TM": 468723.403,
                "NHTRS96TM": 4875703.183,
                "H": 255.426,
                "STABILIZACIJA": "KAPA",
                "STRANA": "L",
                "UDALJENOST_OD_OSI": -2.42,
                "PRUGA": "M606"
            },
            "geometry": {
                "type": "Point",
                "coordinates": [
                    16.109873,
                    44.02065
                ]
            }
        },
        {
            "type": "Feature",
            "properties": {
                "TOCKA": "P62",
                "STACIONAZA": 10034.99,
                "EHTRS96TM": 468571.505,
                "NHTRS96TM": 4875681.91,
                "H": 256.139,
                "STABILIZACIJA": "KAPA",
                "STRANA": "D",
                "UDALJENOST_OD_OSI": 5.22,
                "PRUGA": "M606"
            },
            "geometry": {
                "type": "Point",
                "coordinates": [
                    16.10798,
                    44.020452
                ]
            }
        },
        {
            "type": "Feature",
            "properties": {
                "TOCKA": "P63",
                "STACIONAZA": 10166.52,
                "EHTRS96TM": 468461.158,
                "NHTRS96TM": 4875609.179,
                "H": 257.299,
                "STABILIZACIJA": "KAPA",
                "STRANA": "D",
                "UDALJENOST_OD_OSI": 2.31,
                "PRUGA": "M606"
            },
            "geometry": {
                "type": "Point",
                "coordinates": [
                    16.106608,
                    44.019792
                ]
            }
        },
        {
            "type": "Feature",
            "properties": {
                "TOCKA": "P64",
                "STACIONAZA": 10291.55,
                "EHTRS96TM": 468366.087,
                "NHTRS96TM": 4875527.625,
                "H": 258.405,
                "STABILIZACIJA": "TIPLA",
                "STRANA": "L",
                "UDALJENOST_OD_OSI": -2.48,
                "PRUGA": "M606"
            },
            "geometry": {
                "type": "Point",
                "coordinates": [
                    16.105427,
                    44.019054
                ]
            }
        },
        {
            "type": "Feature",
            "properties": {
                "TOCKA": "P65",
                "STACIONAZA": 10387.65,
                "EHTRS96TM": 468277.684,
                "NHTRS96TM": 4875489.007,
                "H": 258.937,
                "STABILIZACIJA": "TIPLA",
                "STRANA": "L",
                "UDALJENOST_OD_OSI": -2.49,
                "PRUGA": "M606"
            },
            "geometry": {
                "type": "Point",
                "coordinates": [
                    16.104327,
                    44.018703
                ]
            }
        },
        {
            "type": "Feature",
            "properties": {
                "TOCKA": "P66",
                "STACIONAZA": 10548.39,
                "EHTRS96TM": 468117.378,
                "NHTRS96TM": 4875475.54,
                "H": 259.597,
                "STABILIZACIJA": "KAPA",
                "STRANA": "L",
                "UDALJENOST_OD_OSI": -2.66,
                "PRUGA": "M606"
            },
            "geometry": {
                "type": "Point",
                "coordinates": [
                    16.102328,
                    44.018575
                ]
            }
        },
        {
            "type": "Feature",
            "properties": {
                "TOCKA": "P67",
                "STACIONAZA": 10654.96,
                "EHTRS96TM": 468011.214,
                "NHTRS96TM": 4875461.826,
                "H": 260.258,
                "STABILIZACIJA": "KAPA",
                "STRANA": "D",
                "UDALJENOST_OD_OSI": 6.16,
                "PRUGA": "M606"
            },
            "geometry": {
                "type": "Point",
                "coordinates": [
                    16.101005,
                    44.018447
                ]
            }
        },
        {
            "type": "Feature",
            "properties": {
                "TOCKA": "P68",
                "STACIONAZA": 10818.5,
                "EHTRS96TM": 467882.926,
                "NHTRS96TM": 4875359.684,
                "H": 261.506,
                "STABILIZACIJA": "KAPA",
                "STRANA": "D",
                "UDALJENOST_OD_OSI": 2.59,
                "PRUGA": "M606"
            },
            "geometry": {
                "type": "Point",
                "coordinates": [
                    16.099411,
                    44.017522
                ]
            }
        },
        {
            "type": "Feature",
            "properties": {
                "TOCKA": "P69",
                "STACIONAZA": 11109.55,
                "EHTRS96TM": 467705.699,
                "NHTRS96TM": 4875128.701,
                "H": 263.699,
                "STABILIZACIJA": "KAPA",
                "STRANA": "D",
                "UDALJENOST_OD_OSI": 2.39,
                "PRUGA": "M606"
            },
            "geometry": {
                "type": "Point",
                "coordinates": [
                    16.097214,
                    44.015435
                ]
            }
        },
        {
            "type": "Feature",
            "properties": {
                "TOCKA": "P70",
                "STACIONAZA": 11285.04,
                "EHTRS96TM": 467598.211,
                "NHTRS96TM": 4874989.735,
                "H": 264.935,
                "STABILIZACIJA": "KAPA",
                "STRANA": "L",
                "UDALJENOST_OD_OSI": -2.92,
                "PRUGA": "M606"
            },
            "geometry": {
                "type": "Point",
                "coordinates": [
                    16.095882,
                    44.014179
                ]
            }
        },
        {
            "type": "Feature",
            "properties": {
                "TOCKA": "P71",
                "STACIONAZA": 11404.3,
                "EHTRS96TM": 467495.523,
                "NHTRS96TM": 4874928.259,
                "H": 265.542,
                "STABILIZACIJA": "KAPA",
                "STRANA": "L",
                "UDALJENOST_OD_OSI": -3.21,
                "PRUGA": "M606"
            },
            "geometry": {
                "type": "Point",
                "coordinates": [
                    16.094605,
                    44.013622
                ]
            }
        },
        {
            "type": "Feature",
            "properties": {
                "TOCKA": "P72",
                "STACIONAZA": 11524,
                "EHTRS96TM": 467376.501,
                "NHTRS96TM": 4874912.063,
                "H": 266.379,
                "STABILIZACIJA": "KAPA",
                "STRANA": "L",
                "UDALJENOST_OD_OSI": -2.86,
                "PRUGA": "M606"
            },
            "geometry": {
                "type": "Point",
                "coordinates": [
                    16.093122,
                    44.013471
                ]
            }
        },
        {
            "type": "Feature",
            "properties": {
                "TOCKA": "P73",
                "STACIONAZA": 11651.59,
                "EHTRS96TM": 467252.429,
                "NHTRS96TM": 4874944.927,
                "H": 267.228,
                "STABILIZACIJA": "KAPA",
                "STRANA": "L",
                "UDALJENOST_OD_OSI": -4.95,
                "PRUGA": "M606"
            },
            "geometry": {
                "type": "Point",
                "coordinates": [
                    16.091573,
                    44.013761
                ]
            }
        },
        {
            "type": "Feature",
            "properties": {
                "TOCKA": "P74",
                "STACIONAZA": 12016.41,
                "EHTRS96TM": 466974.841,
                "NHTRS96TM": 4875182.321,
                "H": 270.093,
                "STABILIZACIJA": "KAPA",
                "STRANA": "D",
                "UDALJENOST_OD_OSI": 3.95,
                "PRUGA": "M606"
            },
            "geometry": {
                "type": "Point",
                "coordinates": [
                    16.088096,
                    44.015885
                ]
            }
        },
        {
            "type": "Feature",
            "properties": {
                "TOCKA": "P75",
                "STACIONAZA": 12304.79,
                "EHTRS96TM": 466720.046,
                "NHTRS96TM": 4875317.811,
                "H": 271.667,
                "STABILIZACIJA": "KAPA",
                "STRANA": "L",
                "UDALJENOST_OD_OSI": -3.34,
                "PRUGA": "M606"
            },
            "geometry": {
                "type": "Point",
                "coordinates": [
                    16.084909,
                    44.017093
                ]
            }
        },
        {
            "type": "Feature",
            "properties": {
                "TOCKA": "K1",
                "STACIONAZA": 24285.98,
                "EHTRS96TM": 456772.271,
                "NHTRS96TM": 4872461.793,
                "H": 242.268,
                "STABILIZACIJA": "BOLCNA",
                "STRANA": "D",
                "UDALJENOST_OD_OSI": 4.42,
                "PRUGA": "M606"
            },
            "geometry": {
                "type": "Point",
                "coordinates": [
                    15.961072,
                    43.99087
                ]
            }
        },
        {
            "type": "Feature",
            "properties": {
                "TOCKA": "K2",
                "STACIONAZA": 24496.89,
                "EHTRS96TM": 456645.497,
                "NHTRS96TM": 4872293.096,
                "H": 241.753,
                "STABILIZACIJA": "KAPA",
                "STRANA": "L",
                "UDALJENOST_OD_OSI": -2.38,
                "PRUGA": "M606"
            },
            "geometry": {
                "type": "Point",
                "coordinates": [
                    15.959505,
                    43.989344
                ]
            }
        },
        {
            "type": "Feature",
            "properties": {
                "TOCKA": "K3",
                "STACIONAZA": 24646.43,
                "EHTRS96TM": 456551.839,
                "NHTRS96TM": 4872176.511,
                "H": 242.198,
                "STABILIZACIJA": "TIPLA",
                "STRANA": "L",
                "UDALJENOST_OD_OSI": -2.37,
                "PRUGA": "M606"
            },
            "geometry": {
                "type": "Point",
                "coordinates": [
                    15.958347,
                    43.988289
                ]
            }
        },
        {
            "type": "Feature",
            "properties": {
                "TOCKA": "K4",
                "STACIONAZA": 24832.35,
                "EHTRS96TM": 456435.43,
                "NHTRS96TM": 4872031.551,
                "H": 242.025,
                "STABILIZACIJA": "BOLCNA",
                "STRANA": "L",
                "UDALJENOST_OD_OSI": -2.38,
                "PRUGA": "M606"
            },
            "geometry": {
                "type": "Point",
                "coordinates": [
                    15.956908,
                    43.986977
                ]
            }
        },
        {
            "type": "Feature",
            "properties": {
                "TOCKA": "K5",
                "STACIONAZA": 25089.66,
                "EHTRS96TM": 456275.094,
                "NHTRS96TM": 4871830.305,
                "H": 241.539,
                "STABILIZACIJA": "BOLCNA",
                "STRANA": "L",
                "UDALJENOST_OD_OSI": -3.39,
                "PRUGA": "M606"
            },
            "geometry": {
                "type": "Point",
                "coordinates": [
                    15.954925,
                    43.985157
                ]
            }
        },
        {
            "type": "Feature",
            "properties": {
                "TOCKA": "K6",
                "STACIONAZA": 25284.17,
                "EHTRS96TM": 456138.111,
                "NHTRS96TM": 4871691.844,
                "H": 239.979,
                "STABILIZACIJA": "KAPA",
                "STRANA": "L",
                "UDALJENOST_OD_OSI": -3.74,
                "PRUGA": "M606"
            },
            "geometry": {
                "type": "Point",
                "coordinates": [
                    15.953229,
                    43.983902
                ]
            }
        },
        {
            "type": "Feature",
            "properties": {
                "TOCKA": "K7",
                "STACIONAZA": 25440.06,
                "EHTRS96TM": 456001.347,
                "NHTRS96TM": 4871615.847,
                "H": 238.402,
                "STABILIZACIJA": "KAPA",
                "STRANA": "L",
                "UDALJENOST_OD_OSI": -3.99,
                "PRUGA": "M606"
            },
            "geometry": {
                "type": "Point",
                "coordinates": [
                    15.951531,
                    43.98321
                ]
            }
        },
        {
            "type": "Feature",
            "properties": {
                "TOCKA": "K8",
                "STACIONAZA": 25627.48,
                "EHTRS96TM": 455819.304,
                "NHTRS96TM": 4871569.499,
                "H": 237.911,
                "STABILIZACIJA": "KAPA",
                "STRANA": "L",
                "UDALJENOST_OD_OSI": -4.48,
                "PRUGA": "M606"
            },
            "geometry": {
                "type": "Point",
                "coordinates": [
                    15.949266,
                    43.982782
                ]
            }
        },
        {
            "type": "Feature",
            "properties": {
                "TOCKA": "K9",
                "STACIONAZA": 25801.76,
                "EHTRS96TM": 455646.486,
                "NHTRS96TM": 4871545.425,
                "H": 236.876,
                "STABILIZACIJA": "KAPA",
                "STRANA": "D",
                "UDALJENOST_OD_OSI": 4.12,
                "PRUGA": "M606"
            },
            "geometry": {
                "type": "Point",
                "coordinates": [
                    15.947113,
                    43.982555
                ]
            }
        },
        {
            "type": "Feature",
            "properties": {
                "TOCKA": "K10",
                "STACIONAZA": 26009.64,
                "EHTRS96TM": 455442.489,
                "NHTRS96TM": 4871505.408,
                "H": 237.272,
                "STABILIZACIJA": "KAPA",
                "STRANA": "D",
                "UDALJENOST_OD_OSI": 2.87,
                "PRUGA": "M606"
            },
            "geometry": {
                "type": "Point",
                "coordinates": [
                    15.944574,
                    43.982182
                ]
            }
        },
        {
            "type": "Feature",
            "properties": {
                "TOCKA": "K11",
                "STACIONAZA": 26193.74,
                "EHTRS96TM": 455261.555,
                "NHTRS96TM": 4871471.417,
                "H": 237.25,
                "STABILIZACIJA": "KAPA",
                "STRANA": "D",
                "UDALJENOST_OD_OSI": 3.25,
                "PRUGA": "M606"
            },
            "geometry": {
                "type": "Point",
                "coordinates": [
                    15.942321,
                    43.981865
                ]
            }
        },
        {
            "type": "Feature",
            "properties": {
                "TOCKA": "K12",
                "STACIONAZA": 26379.78,
                "EHTRS96TM": 455080.47,
                "NHTRS96TM": 4871427.82,
                "H": 238.994,
                "STABILIZACIJA": "KAPA",
                "STRANA": "L",
                "UDALJENOST_OD_OSI": -5.79,
                "PRUGA": "M606"
            },
            "geometry": {
                "type": "Point",
                "coordinates": [
                    15.940068,
                    43.981462
                ]
            }
        },
        {
            "type": "Feature",
            "properties": {
                "TOCKA": "K13",
                "STACIONAZA": 26582.32,
                "EHTRS96TM": 454880.995,
                "NHTRS96TM": 4871392.615,
                "H": 236.748,
                "STABILIZACIJA": "KAPA",
                "STRANA": "L",
                "UDALJENOST_OD_OSI": -3.15,
                "PRUGA": "M606"
            },
            "geometry": {
                "type": "Point",
                "coordinates": [
                    15.937585,
                    43.981133
                ]
            }
        },
        {
            "type": "Feature",
            "properties": {
                "TOCKA": "K14",
                "STACIONAZA": 26782.25,
                "EHTRS96TM": 454684.482,
                "NHTRS96TM": 4871355.364,
                "H": 235.694,
                "STABILIZACIJA": "KAPA",
                "STRANA": "L",
                "UDALJENOST_OD_OSI": -3.9,
                "PRUGA": "M606"
            },
            "geometry": {
                "type": "Point",
                "coordinates": [
                    15.935138,
                    43.980786
                ]
            }
        },
        {
            "type": "Feature",
            "properties": {
                "TOCKA": "K15",
                "STACIONAZA": 26997.52,
                "EHTRS96TM": 454470.779,
                "NHTRS96TM": 4871327.457,
                "H": 235.025,
                "STABILIZACIJA": "KAPA",
                "STRANA": "L",
                "UDALJENOST_OD_OSI": -4.14,
                "PRUGA": "M606"
            },
            "geometry": {
                "type": "Point",
                "coordinates": [
                    15.932477,
                    43.980521
                ]
            }
        },
        {
            "type": "Feature",
            "properties": {
                "TOCKA": "K16",
                "STACIONAZA": 27181,
                "EHTRS96TM": 454287.188,
                "NHTRS96TM": 4871321.629,
                "H": 235.432,
                "STABILIZACIJA": "KAPA",
                "STRANA": "D",
                "UDALJENOST_OD_OSI": 3.24,
                "PRUGA": "M606"
            },
            "geometry": {
                "type": "Point",
                "coordinates": [
                    15.930189,
                    43.980457
                ]
            }
        },
        {
            "type": "Feature",
            "properties": {
                "TOCKA": "K17",
                "STACIONAZA": 27382.45,
                "EHTRS96TM": 454086.61,
                "NHTRS96TM": 4871301.762,
                "H": 235.991,
                "STABILIZACIJA": "KAPA",
                "STRANA": "L",
                "UDALJENOST_OD_OSI": -3.38,
                "PRUGA": "M606"
            },
            "geometry": {
                "type": "Point",
                "coordinates": [
                    15.927691,
                    43.980266
                ]
            }
        },
        {
            "type": "Feature",
            "properties": {
                "TOCKA": "K18",
                "STACIONAZA": 27600.5,
                "EHTRS96TM": 453869.028,
                "NHTRS96TM": 4871287.354,
                "H": 237.713,
                "STABILIZACIJA": "KAPA",
                "STRANA": "L",
                "UDALJENOST_OD_OSI": -3.43,
                "PRUGA": "M606"
            },
            "geometry": {
                "type": "Point",
                "coordinates": [
                    15.92498,
                    43.980123
                ]
            }
        },
        {
            "type": "Feature",
            "properties": {
                "TOCKA": "K19",
                "STACIONAZA": 27783.56,
                "EHTRS96TM": 453685.93,
                "NHTRS96TM": 4871281.921,
                "H": 239.093,
                "STABILIZACIJA": "KAPA",
                "STRANA": "D",
                "UDALJENOST_OD_OSI": 3.21,
                "PRUGA": "M606"
            },
            "geometry": {
                "type": "Point",
                "coordinates": [
                    15.922698,
                    43.980062
                ]
            }
        },
        {
            "type": "Feature",
            "properties": {
                "TOCKA": "K20",
                "STACIONAZA": 27980.47,
                "EHTRS96TM": 453490.33,
                "NHTRS96TM": 4871256.951,
                "H": 240.666,
                "STABILIZACIJA": "KAPA",
                "STRANA": "D",
                "UDALJENOST_OD_OSI": 3.36,
                "PRUGA": "M606"
            },
            "geometry": {
                "type": "Point",
                "coordinates": [
                    15.920262,
                    43.979825
                ]
            }
        },
        {
            "type": "Feature",
            "properties": {
                "TOCKA": "K21",
                "STACIONAZA": 28182.77,
                "EHTRS96TM": 453294.586,
                "NHTRS96TM": 4871204.731,
                "H": 242.407,
                "STABILIZACIJA": "KAPA",
                "STRANA": "D",
                "UDALJENOST_OD_OSI": 3.17,
                "PRUGA": "M606"
            },
            "geometry": {
                "type": "Point",
                "coordinates": [
                    15.917827,
                    43.979343
                ]
            }
        },
        {
            "type": "Feature",
            "properties": {
                "TOCKA": "K22",
                "STACIONAZA": 28383.83,
                "EHTRS96TM": 453104.879,
                "NHTRS96TM": 4871138.01,
                "H": 243.281,
                "STABILIZACIJA": "KAPA",
                "STRANA": "D",
                "UDALJENOST_OD_OSI": 3.15,
                "PRUGA": "M606"
            },
            "geometry": {
                "type": "Point",
                "coordinates": [
                    15.915469,
                    43.97873
                ]
            }
        },
        {
            "type": "Feature",
            "properties": {
                "TOCKA": "K23",
                "STACIONAZA": 28614.34,
                "EHTRS96TM": 452887.254,
                "NHTRS96TM": 4871062.039,
                "H": 242.996,
                "STABILIZACIJA": "KAPA",
                "STRANA": "D",
                "UDALJENOST_OD_OSI": 3.89,
                "PRUGA": "M606"
            },
            "geometry": {
                "type": "Point",
                "coordinates": [
                    15.912763,
                    43.978033
                ]
            }
        },
        {
            "type": "Feature",
            "properties": {
                "TOCKA": "K24",
                "STACIONAZA": 28777.41,
                "EHTRS96TM": 452733.663,
                "NHTRS96TM": 4871007.224,
                "H": 241.289,
                "STABILIZACIJA": "KAPA",
                "STRANA": "D",
                "UDALJENOST_OD_OSI": 3.27,
                "PRUGA": "M606"
            },
            "geometry": {
                "type": "Point",
                "coordinates": [
                    15.910853,
                    43.977529
                ]
            }
        },
        {
            "type": "Feature",
            "properties": {
                "TOCKA": "K25",
                "STACIONAZA": 28980.61,
                "EHTRS96TM": 452542.019,
                "NHTRS96TM": 4870939.691,
                "H": 239.553,
                "STABILIZACIJA": "KAPA",
                "STRANA": "D",
                "UDALJENOST_OD_OSI": 3.32,
                "PRUGA": "M606"
            },
            "geometry": {
                "type": "Point",
                "coordinates": [
                    15.908471,
                    43.976909
                ]
            }
        },
        {
            "type": "Feature",
            "properties": {
                "TOCKA": "K26",
                "STACIONAZA": 29180.21,
                "EHTRS96TM": 452353.735,
                "NHTRS96TM": 4870873.437,
                "H": 238.181,
                "STABILIZACIJA": "KAPA",
                "STRANA": "D",
                "UDALJENOST_OD_OSI": 3.46,
                "PRUGA": "M606"
            },
            "geometry": {
                "type": "Point",
                "coordinates": [
                    15.90613,
                    43.976301
                ]
            }
        },
        {
            "type": "Feature",
            "properties": {
                "TOCKA": "K27",
                "STACIONAZA": 29377.99,
                "EHTRS96TM": 452167.18,
                "NHTRS96TM": 4870807.751,
                "H": 236.447,
                "STABILIZACIJA": "TIPLA",
                "STRANA": "D",
                "UDALJENOST_OD_OSI": 3.58,
                "PRUGA": "M606"
            },
            "geometry": {
                "type": "Point",
                "coordinates": [
                    15.903811,
                    43.975697
                ]
            }
        },
        {
            "type": "Feature",
            "properties": {
                "TOCKA": "K28",
                "STACIONAZA": 29595.8,
                "EHTRS96TM": 451963.974,
                "NHTRS96TM": 4870729.067,
                "H": 234.665,
                "STABILIZACIJA": "KAPA",
                "STRANA": "L",
                "UDALJENOST_OD_OSI": -2.97,
                "PRUGA": "M606"
            },
            "geometry": {
                "type": "Point",
                "coordinates": [
                    15.901285,
                    43.974976
                ]
            }
        },
        {
            "type": "Feature",
            "properties": {
                "TOCKA": "K29",
                "STACIONAZA": 29783.1,
                "EHTRS96TM": 451787.395,
                "NHTRS96TM": 4870666.613,
                "H": 233.196,
                "STABILIZACIJA": "KAPA",
                "STRANA": "L",
                "UDALJENOST_OD_OSI": -3.08,
                "PRUGA": "M606"
            },
            "geometry": {
                "type": "Point",
                "coordinates": [
                    15.89909,
                    43.974402
                ]
            }
        },
        {
            "type": "Feature",
            "properties": {
                "TOCKA": "K30",
                "STACIONAZA": 29982,
                "EHTRS96TM": 451599.783,
                "NHTRS96TM": 4870600.546,
                "H": 232.449,
                "STABILIZACIJA": "KAPA",
                "STRANA": "L",
                "UDALJENOST_OD_OSI": -2.92,
                "PRUGA": "M606"
            },
            "geometry": {
                "type": "Point",
                "coordinates": [
                    15.896758,
                    43.973795
                ]
            }
        },
        {
            "type": "Feature",
            "properties": {
                "TOCKA": "K31",
                "STACIONAZA": 30174.33,
                "EHTRS96TM": 451418.435,
                "NHTRS96TM": 4870536.491,
                "H": 232.049,
                "STABILIZACIJA": "KAPA",
                "STRANA": "L",
                "UDALJENOST_OD_OSI": -2.95,
                "PRUGA": "M606"
            },
            "geometry": {
                "type": "Point",
                "coordinates": [
                    15.894504,
                    43.973207
                ]
            }
        },
        {
            "type": "Feature",
            "properties": {
                "TOCKA": "K32",
                "STACIONAZA": 30381.07,
                "EHTRS96TM": 451223.608,
                "NHTRS96TM": 4870467.333,
                "H": 231.514,
                "STABILIZACIJA": "KAPA",
                "STRANA": "L",
                "UDALJENOST_OD_OSI": -3.3,
                "PRUGA": "M606"
            },
            "geometry": {
                "type": "Point",
                "coordinates": [
                    15.892082,
                    43.972572
                ]
            }
        },
        {
            "type": "Feature",
            "properties": {
                "TOCKA": "K33",
                "STACIONAZA": 30580.48,
                "EHTRS96TM": 451032.758,
                "NHTRS96TM": 4870408.91,
                "H": 232.217,
                "STABILIZACIJA": "KAPA",
                "STRANA": "D",
                "UDALJENOST_OD_OSI": 5.22,
                "PRUGA": "M606"
            },
            "geometry": {
                "type": "Point",
                "coordinates": [
                    15.889709,
                    43.972033
                ]
            }
        },
        {
            "type": "Feature",
            "properties": {
                "TOCKA": "K34",
                "STACIONAZA": 30781.85,
                "EHTRS96TM": 450845.871,
                "NHTRS96TM": 4870333.384,
                "H": 230.22,
                "STABILIZACIJA": "KAPA",
                "STRANA": "L",
                "UDALJENOST_OD_OSI": -3.7,
                "PRUGA": "M606"
            },
            "geometry": {
                "type": "Point",
                "coordinates": [
                    15.887387,
                    43.971341
                ]
            }
        },
        {
            "type": "Feature",
            "properties": {
                "TOCKA": "K35",
                "STACIONAZA": 30981.01,
                "EHTRS96TM": 450657.89,
                "NHTRS96TM": 4870267.61,
                "H": 229.728,
                "STABILIZACIJA": "KAPA",
                "STRANA": "L",
                "UDALJENOST_OD_OSI": -3.06,
                "PRUGA": "M606"
            },
            "geometry": {
                "type": "Point",
                "coordinates": [
                    15.88505,
                    43.970736
                ]
            }
        },
        {
            "type": "Feature",
            "properties": {
                "TOCKA": "K36",
                "STACIONAZA": 31179.57,
                "EHTRS96TM": 450468.667,
                "NHTRS96TM": 4870207.124,
                "H": 228.691,
                "STABILIZACIJA": "KAPA",
                "STRANA": "D",
                "UDALJENOST_OD_OSI": 2.98,
                "PRUGA": "M606"
            },
            "geometry": {
                "type": "Point",
                "coordinates": [
                    15.882698,
                    43.970179
                ]
            }
        },
        {
            "type": "Feature",
            "properties": {
                "TOCKA": "K37",
                "STACIONAZA": 31380.67,
                "EHTRS96TM": 450279.207,
                "NHTRS96TM": 4870139.692,
                "H": 227.395,
                "STABILIZACIJA": "TIPLA",
                "STRANA": "D",
                "UDALJENOST_OD_OSI": 2.55,
                "PRUGA": "M606"
            },
            "geometry": {
                "type": "Point",
                "coordinates": [
                    15.880343,
                    43.969559
                ]
            }
        },
        {
            "type": "Feature",
            "properties": {
                "TOCKA": "K38",
                "STACIONAZA": 31487.38,
                "EHTRS96TM": 450180.778,
                "NHTRS96TM": 4870097.97,
                "H": 227.332,
                "STABILIZACIJA": "BOLCNA",
                "STRANA": "L",
                "UDALJENOST_OD_OSI": -3.98,
                "PRUGA": "M606"
            },
            "geometry": {
                "type": "Point",
                "coordinates": [
                    15.87912,
                    43.969177
                ]
            }
        },
        {
            "type": "Feature",
            "properties": {
                "TOCKA": "K39",
                "STACIONAZA": 31579.23,
                "EHTRS96TM": 450094.388,
                "NHTRS96TM": 4870066.773,
                "H": 227.017,
                "STABILIZACIJA": "KAPA",
                "STRANA": "L",
                "UDALJENOST_OD_OSI": -4.6,
                "PRUGA": "M606"
            },
            "geometry": {
                "type": "Point",
                "coordinates": [
                    15.878047,
                    43.968891
                ]
            }
        },
        {
            "type": "Feature",
            "properties": {
                "TOCKA": "P1",
                "STACIONAZA": 39000,
                "EHTRS96TM": 443869.622,
                "NHTRS96TM": 4869305.517,
                "H": 230.04,
                "STABILIZACIJA": "KAPA",
                "STRANA": "D",
                "UDALJENOST_OD_OSI": 3.73,
                "PRUGA": "M606"
            },
            "geometry": {
                "type": "Point",
                "coordinates": [
                    15.800556,
                    43.961591
                ]
            }
        },
        {
            "type": "Feature",
            "properties": {
                "TOCKA": "P2",
                "STACIONAZA": 39172.61,
                "EHTRS96TM": 443739.564,
                "NHTRS96TM": 4869497.854,
                "H": 229.102,
                "STABILIZACIJA": "KAPA",
                "STRANA": "D",
                "UDALJENOST_OD_OSI": 4.06,
                "PRUGA": "M606"
            },
            "geometry": {
                "type": "Point",
                "coordinates": [
                    15.798915,
                    43.963312
                ]
            }
        },
        {
            "type": "Feature",
            "properties": {
                "TOCKA": "P3",
                "STACIONAZA": 39346.86,
                "EHTRS96TM": 443605.68,
                "NHTRS96TM": 4869609.677,
                "H": 228.322,
                "STABILIZACIJA": "KAPA",
                "STRANA": "D",
                "UDALJENOST_OD_OSI": 3.49,
                "PRUGA": "M606"
            },
            "geometry": {
                "type": "Point",
                "coordinates": [
                    15.797235,
                    43.964308
                ]
            }
        },
        {
            "type": "Feature",
            "properties": {
                "TOCKA": "P4",
                "STACIONAZA": 39477.14,
                "EHTRS96TM": 443481.365,
                "NHTRS96TM": 4869650.063,
                "H": 227.661,
                "STABILIZACIJA": "KAPA",
                "STRANA": "D",
                "UDALJENOST_OD_OSI": 2.39,
                "PRUGA": "M606"
            },
            "geometry": {
                "type": "Point",
                "coordinates": [
                    15.795681,
                    43.964662
                ]
            }
        },
        {
            "type": "Feature",
            "properties": {
                "TOCKA": "P5",
                "STACIONAZA": 39694.3,
                "EHTRS96TM": 443266.418,
                "NHTRS96TM": 4869683.232,
                "H": 225.974,
                "STABILIZACIJA": "KAPA",
                "STRANA": "L",
                "UDALJENOST_OD_OSI": -3.58,
                "PRUGA": "M606"
            },
            "geometry": {
                "type": "Point",
                "coordinates": [
                    15.792999,
                    43.964944
                ]
            }
        },
        {
            "type": "Feature",
            "properties": {
                "TOCKA": "P6",
                "STACIONAZA": 39839.74,
                "EHTRS96TM": 443134.557,
                "NHTRS96TM": 4869745.601,
                "H": 224.316,
                "STABILIZACIJA": "KAPA",
                "STRANA": "L",
                "UDALJENOST_OD_OSI": -3.36,
                "PRUGA": "M606"
            },
            "geometry": {
                "type": "Point",
                "coordinates": [
                    15.79135,
                    43.965495
                ]
            }
        },
        {
            "type": "Feature",
            "properties": {
                "TOCKA": "P7",
                "STACIONAZA": 39993.27,
                "EHTRS96TM": 443005.008,
                "NHTRS96TM": 4869828.617,
                "H": 224.056,
                "STABILIZACIJA": "KAPA ŽCP",
                "STRANA": "L",
                "UDALJENOST_OD_OSI": -4.64,
                "PRUGA": "M606"
            },
            "geometry": {
                "type": "Point",
                "coordinates": [
                    15.789726,
                    43.966232
                ]
            }
        },
        {
            "type": "Feature",
            "properties": {
                "TOCKA": "P8",
                "STACIONAZA": 40148.71,
                "EHTRS96TM": 442900.238,
                "NHTRS96TM": 4869944.552,
                "H": 222.645,
                "STABILIZACIJA": "KAPA",
                "STRANA": "L",
                "UDALJENOST_OD_OSI": -5.26,
                "PRUGA": "M606"
            },
            "geometry": {
                "type": "Point",
                "coordinates": [
                    15.788408,
                    43.967268
                ]
            }
        },
        {
            "type": "Feature",
            "properties": {
                "TOCKA": "P9",
                "STACIONAZA": 40383.45,
                "EHTRS96TM": 442803.59,
                "NHTRS96TM": 4870159.413,
                "H": 220.639,
                "STABILIZACIJA": "KAPA",
                "STRANA": "D",
                "UDALJENOST_OD_OSI": 4.13,
                "PRUGA": "M606"
            },
            "geometry": {
                "type": "Point",
                "coordinates": [
                    15.787181,
                    43.969194
                ]
            }
        },
        {
            "type": "Feature",
            "properties": {
                "TOCKA": "P10",
                "STACIONAZA": 40552.15,
                "EHTRS96TM": 442685.218,
                "NHTRS96TM": 4870278.733,
                "H": 219.542,
                "STABILIZACIJA": "KAPA",
                "STRANA": "L",
                "UDALJENOST_OD_OSI": -3.58,
                "PRUGA": "M606"
            },
            "geometry": {
                "type": "Point",
                "coordinates": [
                    15.785693,
                    43.970258
                ]
            }
        },
        {
            "type": "Feature",
            "properties": {
                "TOCKA": "P12",
                "STACIONAZA": 40838.56,
                "EHTRS96TM": 442462.649,
                "NHTRS96TM": 4870459.383,
                "H": 217.448,
                "STABILIZACIJA": "KAPA",
                "STRANA": "D",
                "UDALJENOST_OD_OSI": 4.05,
                "PRUGA": "M606"
            },
            "geometry": {
                "type": "Point",
                "coordinates": [
                    15.7829,
                    43.971867
                ]
            }
        },
        {
            "type": "Feature",
            "properties": {
                "TOCKA": "P13",
                "STACIONAZA": 40970,
                "EHTRS96TM": 442341,
                "NHTRS96TM": 4870510.442,
                "H": 217.109,
                "STABILIZACIJA": "KAPA",
                "STRANA": "D",
                "UDALJENOST_OD_OSI": 2.52,
                "PRUGA": "M606"
            },
            "geometry": {
                "type": "Point",
                "coordinates": [
                    15.781378,
                    43.972317
                ]
            }
        },
        {
            "type": "Feature",
            "properties": {
                "TOCKA": "P14",
                "STACIONAZA": 41229.95,
                "EHTRS96TM": 442081.856,
                "NHTRS96TM": 4870539.629,
                "H": 216.135,
                "STABILIZACIJA": "TIPLA",
                "STRANA": "L",
                "UDALJENOST_OD_OSI": -6.4,
                "PRUGA": "M606"
            },
            "geometry": {
                "type": "Point",
                "coordinates": [
                    15.778146,
                    43.972559
                ]
            }
        },
        {
            "type": "Feature",
            "properties": {
                "TOCKA": "P15",
                "STACIONAZA": 41378.42,
                "EHTRS96TM": 441956.218,
                "NHTRS96TM": 4870621.933,
                "H": 217.197,
                "STABILIZACIJA": "KAPA",
                "STRANA": "L",
                "UDALJENOST_OD_OSI": -6.87,
                "PRUGA": "M606"
            },
            "geometry": {
                "type": "Point",
                "coordinates": [
                    15.776571,
                    43.97329
                ]
            }
        },
        {
            "type": "Feature",
            "properties": {
                "TOCKA": "P16",
                "STACIONAZA": 41528.64,
                "EHTRS96TM": 441886.466,
                "NHTRS96TM": 4870756.383,
                "H": 213.654,
                "STABILIZACIJA": "KAPA",
                "STRANA": "L",
                "UDALJENOST_OD_OSI": -4.25,
                "PRUGA": "M606"
            },
            "geometry": {
                "type": "Point",
                "coordinates": [
                    15.775687,
                    43.974495
                ]
            }
        },
        {
            "type": "Feature",
            "properties": {
                "TOCKA": "P17",
                "STACIONAZA": 41698.78,
                "EHTRS96TM": 441850.093,
                "NHTRS96TM": 4870923.143,
                "H": 212.981,
                "STABILIZACIJA": "KAPA",
                "STRANA": "D",
                "UDALJENOST_OD_OSI": 3.09,
                "PRUGA": "M606"
            },
            "geometry": {
                "type": "Point",
                "coordinates": [
                    15.775215,
                    43.975993
                ]
            }
        },
        {
            "type": "Feature",
            "properties": {
                "TOCKA": "P18",
                "STACIONAZA": 41814.77,
                "EHTRS96TM": 441788.116,
                "NHTRS96TM": 4871021.73,
                "H": 211.792,
                "STABILIZACIJA": "KAPA",
                "STRANA": "D",
                "UDALJENOST_OD_OSI": 3.42,
                "PRUGA": "M606"
            },
            "geometry": {
                "type": "Point",
                "coordinates": [
                    15.774432,
                    43.976875
                ]
            }
        },
        {
            "type": "Feature",
            "properties": {
                "TOCKA": "P19",
                "STACIONAZA": 41975.9,
                "EHTRS96TM": 441650.917,
                "NHTRS96TM": 4871106.72,
                "H": 211.043,
                "STABILIZACIJA": "KAPA",
                "STRANA": "D",
                "UDALJENOST_OD_OSI": 4.97,
                "PRUGA": "M606"
            },
            "geometry": {
                "type": "Point",
                "coordinates": [
                    15.772713,
                    43.977629
                ]
            }
        },
        {
            "type": "Feature",
            "properties": {
                "TOCKA": "P20",
                "STACIONAZA": 42093.91,
                "EHTRS96TM": 441532.344,
                "NHTRS96TM": 4871113.46,
                "H": 210.911,
                "STABILIZACIJA": "KAPA",
                "STRANA": "D",
                "UDALJENOST_OD_OSI": 2.31,
                "PRUGA": "M606"
            },
            "geometry": {
                "type": "Point",
                "coordinates": [
                    15.771234,
                    43.97768
                ]
            }
        },
        {
            "type": "Feature",
            "properties": {
                "TOCKA": "P21",
                "STACIONAZA": 42287.28,
                "EHTRS96TM": 441344.6,
                "NHTRS96TM": 4871066.15,
                "H": 209.775,
                "STABILIZACIJA": "TIPLA",
                "STRANA": "L",
                "UDALJENOST_OD_OSI": -2.3,
                "PRUGA": "M606"
            },
            "geometry": {
                "type": "Point",
                "coordinates": [
                    15.768899,
                    43.97724
                ]
            }
        },
        {
            "type": "Feature",
            "properties": {
                "TOCKA": "P22",
                "STACIONAZA": 42383.37,
                "EHTRS96TM": 441248.318,
                "NHTRS96TM": 4871061.33,
                "H": 209.338,
                "STABILIZACIJA": "TIPLA",
                "STRANA": "L",
                "UDALJENOST_OD_OSI": -2.36,
                "PRUGA": "M606"
            },
            "geometry": {
                "type": "Point",
                "coordinates": [
                    15.7677,
                    43.977189
                ]
            }
        },
        {
            "type": "Feature",
            "properties": {
                "TOCKA": "P23",
                "STACIONAZA": 42480.99,
                "EHTRS96TM": 441153.18,
                "NHTRS96TM": 4871085.426,
                "H": 208.269,
                "STABILIZACIJA": "KAPA",
                "STRANA": "L",
                "UDALJENOST_OD_OSI": -3.74,
                "PRUGA": "M606"
            },
            "geometry": {
                "type": "Point",
                "coordinates": [
                    15.766512,
                    43.977398
                ]
            }
        },
        {
            "type": "Feature",
            "properties": {
                "TOCKA": "P24",
                "STACIONAZA": 42651.63,
                "EHTRS96TM": 440997.675,
                "NHTRS96TM": 4871156.927,
                "H": 208.076,
                "STABILIZACIJA": "KAPA",
                "STRANA": "D",
                "UDALJENOST_OD_OSI": 4.07,
                "PRUGA": "M606"
            },
            "geometry": {
                "type": "Point",
                "coordinates": [
                    15.764565,
                    43.978029
                ]
            }
        },
        {
            "type": "Feature",
            "properties": {
                "TOCKA": "P25",
                "STACIONAZA": 42772.5,
                "EHTRS96TM": 440876.168,
                "NHTRS96TM": 4871161.154,
                "H": 207.353,
                "STABILIZACIJA": "KAPA",
                "STRANA": "D",
                "UDALJENOST_OD_OSI": 3.57,
                "PRUGA": "M606"
            },
            "geometry": {
                "type": "Point",
                "coordinates": [
                    15.763051,
                    43.978057
                ]
            }
        },
        {
            "type": "Feature",
            "properties": {
                "TOCKA": "P26",
                "STACIONAZA": 42858.57,
                "EHTRS96TM": 440793.29,
                "NHTRS96TM": 4871135.423,
                "H": 206.674,
                "STABILIZACIJA": "KAPA",
                "STRANA": "D",
                "UDALJENOST_OD_OSI": 3.99,
                "PRUGA": "M606"
            },
            "geometry": {
                "type": "Point",
                "coordinates": [
                    15.762021,
                    43.977819
                ]
            }
        },
        {
            "type": "Feature",
            "properties": {
                "TOCKA": "P27",
                "STACIONAZA": 43006.36,
                "EHTRS96TM": 440679.818,
                "NHTRS96TM": 4871040.126,
                "H": 205.812,
                "STABILIZACIJA": "KAPA",
                "STRANA": "D",
                "UDALJENOST_OD_OSI": 3.57,
                "PRUGA": "M606"
            },
            "geometry": {
                "type": "Point",
                "coordinates": [
                    15.760617,
                    43.976952
                ]
            }
        },
        {
            "type": "Feature",
            "properties": {
                "TOCKA": "P28",
                "STACIONAZA": 43187.99,
                "EHTRS96TM": 440589.147,
                "NHTRS96TM": 4870882.134,
                "H": 204.838,
                "STABILIZACIJA": "KAPA",
                "STRANA": "L",
                "UDALJENOST_OD_OSI": -2.97,
                "PRUGA": "M606"
            },
            "geometry": {
                "type": "Point",
                "coordinates": [
                    15.759505,
                    43.975523
                ]
            }
        },
        {
            "type": "Feature",
            "properties": {
                "TOCKA": "P29",
                "STACIONAZA": 43270.82,
                "EHTRS96TM": 440528.839,
                "NHTRS96TM": 4870823.987,
                "H": 204.203,
                "STABILIZACIJA": "KAPA",
                "STRANA": "L",
                "UDALJENOST_OD_OSI": -5.25,
                "PRUGA": "M606"
            },
            "geometry": {
                "type": "Point",
                "coordinates": [
                    15.758759,
                    43.974995
                ]
            }
        },
        {
            "type": "Feature",
            "properties": {
                "TOCKA": "P30",
                "STACIONAZA": 43434.09,
                "EHTRS96TM": 440373.616,
                "NHTRS96TM": 4870770.454,
                "H": 204.135,
                "STABILIZACIJA": "KAPA",
                "STRANA": "L",
                "UDALJENOST_OD_OSI": -5.87,
                "PRUGA": "M606"
            },
            "geometry": {
                "type": "Point",
                "coordinates": [
                    15.756831,
                    43.9745
                ]
            }
        },
        {
            "type": "Feature",
            "properties": {
                "TOCKA": "P31",
                "STACIONAZA": 43666.04,
                "EHTRS96TM": 440144.548,
                "NHTRS96TM": 4870812.963,
                "H": 203.523,
                "STABILIZACIJA": "KAPA",
                "STRANA": "L",
                "UDALJENOST_OD_OSI": -6.66,
                "PRUGA": "M606"
            },
            "geometry": {
                "type": "Point",
                "coordinates": [
                    15.753971,
                    43.974864
                ]
            }
        },
        {
            "type": "Feature",
            "properties": {
                "TOCKA": "P32",
                "STACIONAZA": 43844.89,
                "EHTRS96TM": 439982.752,
                "NHTRS96TM": 4870891.817,
                "H": 202.386,
                "STABILIZACIJA": "KAPA",
                "STRANA": "L",
                "UDALJENOST_OD_OSI": -6.3,
                "PRUGA": "M606"
            },
            "geometry": {
                "type": "Point",
                "coordinates": [
                    15.751946,
                    43.975561
                ]
            }
        },
        {
            "type": "Feature",
            "properties": {
                "TOCKA": "P33",
                "STACIONAZA": 43947.3,
                "EHTRS96TM": 439911.34,
                "NHTRS96TM": 4870966.84,
                "H": 200.6,
                "STABILIZACIJA": "KAPA ŽCP",
                "STRANA": "L",
                "UDALJENOST_OD_OSI": -4.64,
                "PRUGA": "M606"
            },
            "geometry": {
                "type": "Point",
                "coordinates": [
                    15.751048,
                    43.97623
                ]
            }
        },
        {
            "type": "Feature",
            "properties": {
                "TOCKA": "P34",
                "STACIONAZA": 44167.77,
                "EHTRS96TM": 439784.464,
                "NHTRS96TM": 4871147.638,
                "H": 198.733,
                "STABILIZACIJA": "KAPA",
                "STRANA": "D",
                "UDALJENOST_OD_OSI": 3.01,
                "PRUGA": "M606"
            },
            "geometry": {
                "type": "Point",
                "coordinates": [
                    15.749446,
                    43.977847
                ]
            }
        },
        {
            "type": "Feature",
            "properties": {
                "TOCKA": "P35",
                "STACIONAZA": 44309.5,
                "EHTRS96TM": 439671.375,
                "NHTRS96TM": 4871234.289,
                "H": 198.325,
                "STABILIZACIJA": "KAPA",
                "STRANA": "D",
                "UDALJENOST_OD_OSI": 5.74,
                "PRUGA": "M606"
            },
            "geometry": {
                "type": "Point",
                "coordinates": [
                    15.748026,
                    43.978618
                ]
            }
        },
        {
            "type": "Feature",
            "properties": {
                "TOCKA": "P36",
                "STACIONAZA": 44572.67,
                "EHTRS96TM": 439415.292,
                "NHTRS96TM": 4871297.843,
                "H": 197.402,
                "STABILIZACIJA": "KAPA",
                "STRANA": "D",
                "UDALJENOST_OD_OSI": 2.95,
                "PRUGA": "M606"
            },
            "geometry": {
                "type": "Point",
                "coordinates": [
                    15.744827,
                    43.979169
                ]
            }
        },
        {
            "type": "Feature",
            "properties": {
                "TOCKA": "P37",
                "STACIONAZA": 44757.11,
                "EHTRS96TM": 439232.924,
                "NHTRS96TM": 4871328.425,
                "H": 197.432,
                "STABILIZACIJA": "KAPA",
                "STRANA": "L",
                "UDALJENOST_OD_OSI": -6.07,
                "PRUGA": "M606"
            },
            "geometry": {
                "type": "Point",
                "coordinates": [
                    15.742551,
                    43.979429
                ]
            }
        },
        {
            "type": "Feature",
            "properties": {
                "TOCKA": "P38",
                "STACIONAZA": 44939.32,
                "EHTRS96TM": 439065.365,
                "NHTRS96TM": 4871401.751,
                "H": 198.5,
                "STABILIZACIJA": "KAPA",
                "STRANA": "L",
                "UDALJENOST_OD_OSI": -3.19,
                "PRUGA": "M606"
            },
            "geometry": {
                "type": "Point",
                "coordinates": [
                    15.740454,
                    43.980075
                ]
            }
        },
        {
            "type": "Feature",
            "properties": {
                "TOCKA": "P39",
                "STACIONAZA": 45175.42,
                "EHTRS96TM": 438878.03,
                "NHTRS96TM": 4871545.576,
                "H": 197.553,
                "STABILIZACIJA": "KAPA",
                "STRANA": "L",
                "UDALJENOST_OD_OSI": -3.37,
                "PRUGA": "M606"
            },
            "geometry": {
                "type": "Point",
                "coordinates": [
                    15.738103,
                    43.981354
                ]
            }
        },
        {
            "type": "Feature",
            "properties": {
                "TOCKA": "P40",
                "STACIONAZA": 45401.36,
                "EHTRS96TM": 438720.374,
                "NHTRS96TM": 4871707.535,
                "H": 197.235,
                "STABILIZACIJA": "KAPA",
                "STRANA": "D",
                "UDALJENOST_OD_OSI": 2.51,
                "PRUGA": "M606"
            },
            "geometry": {
                "type": "Point",
                "coordinates": [
                    15.736119,
                    43.982798
                ]
            }
        },
        {
            "type": "Feature",
            "properties": {
                "TOCKA": "P41",
                "STACIONAZA": 45611.34,
                "EHTRS96TM": 438570.304,
                "NHTRS96TM": 4871854.485,
                "H": 196.209,
                "STABILIZACIJA": "KAPA",
                "STRANA": "D",
                "UDALJENOST_OD_OSI": 3.25,
                "PRUGA": "M606"
            },
            "geometry": {
                "type": "Point",
                "coordinates": [
                    15.734231,
                    43.984108
                ]
            }
        },
        {
            "type": "Feature",
            "properties": {
                "TOCKA": "P42",
                "STACIONAZA": 45831.3,
                "EHTRS96TM": 438395.166,
                "NHTRS96TM": 4871988.279,
                "H": 196.023,
                "STABILIZACIJA": "KAPA",
                "STRANA": "D",
                "UDALJENOST_OD_OSI": 4.86,
                "PRUGA": "M606"
            },
            "geometry": {
                "type": "Point",
                "coordinates": [
                    15.732033,
                    43.985298
                ]
            }
        },
        {
            "type": "Feature",
            "properties": {
                "TOCKA": "P43",
                "STACIONAZA": 46061.12,
                "EHTRS96TM": 438184.176,
                "NHTRS96TM": 4872080.171,
                "H": 195.871,
                "STABILIZACIJA": "KAPA",
                "STRANA": "L",
                "UDALJENOST_OD_OSI": -3.79,
                "PRUGA": "M606"
            },
            "geometry": {
                "type": "Point",
                "coordinates": [
                    15.729392,
                    43.986107
                ]
            }
        },
        {
            "type": "Feature",
            "properties": {
                "TOCKA": "P44",
                "STACIONAZA": 46252.08,
                "EHTRS96TM": 438011.733,
                "NHTRS96TM": 4872162.929,
                "H": 195.649,
                "STABILIZACIJA": "KAPA",
                "STRANA": "L",
                "UDALJENOST_OD_OSI": -3.94,
                "PRUGA": "M606"
            },
            "geometry": {
                "type": "Point",
                "coordinates": [
                    15.727233,
                    43.986837
                ]
            }
        },
        {
            "type": "Feature",
            "properties": {
                "TOCKA": "P45",
                "STACIONAZA": 46422.31,
                "EHTRS96TM": 437879.459,
                "NHTRS96TM": 4872270.124,
                "H": 196.191,
                "STABILIZACIJA": "KAPA ŽCP",
                "STRANA": "D",
                "UDALJENOST_OD_OSI": 3.19,
                "PRUGA": "M606"
            },
            "geometry": {
                "type": "Point",
                "coordinates": [
                    15.725572,
                    43.987791
                ]
            }
        },
        {
            "type": "Feature",
            "properties": {
                "TOCKA": "P46",
                "STACIONAZA": 46616.52,
                "EHTRS96TM": 437728.633,
                "NHTRS96TM": 4872392.846,
                "H": 195.828,
                "STABILIZACIJA": "KAPA",
                "STRANA": "D",
                "UDALJENOST_OD_OSI": 3.51,
                "PRUGA": "M606"
            },
            "geometry": {
                "type": "Point",
                "coordinates": [
                    15.723677,
                    43.988883
                ]
            }
        },
        {
            "type": "Feature",
            "properties": {
                "TOCKA": "P47",
                "STACIONAZA": 46812.87,
                "EHTRS96TM": 437552.927,
                "NHTRS96TM": 4872481.095,
                "H": 195.807,
                "STABILIZACIJA": "KAPA",
                "STRANA": "D",
                "UDALJENOST_OD_OSI": 3.02,
                "PRUGA": "M606"
            },
            "geometry": {
                "type": "Point",
                "coordinates": [
                    15.721477,
                    43.989662
                ]
            }
        },
        {
            "type": "Feature",
            "properties": {
                "TOCKA": "P48",
                "STACIONAZA": 47083.95,
                "EHTRS96TM": 437300.15,
                "NHTRS96TM": 4872579.16,
                "H": 196.119,
                "STABILIZACIJA": "BOLCNA ŽCP",
                "STRANA": "L",
                "UDALJENOST_OD_OSI": -2.25,
                "PRUGA": "M606"
            },
            "geometry": {
                "type": "Point",
                "coordinates": [
                    15.718314,
                    43.990523
                ]
            }
        },
        {
            "type": "Feature",
            "properties": {
                "TOCKA": "P49",
                "STACIONAZA": 47305.37,
                "EHTRS96TM": 437095.676,
                "NHTRS96TM": 4872664.309,
                "H": 194.826,
                "STABILIZACIJA": "KAPA",
                "STRANA": "L",
                "UDALJENOST_OD_OSI": -2.59,
                "PRUGA": "M606"
            },
            "geometry": {
                "type": "Point",
                "coordinates": [
                    15.715755,
                    43.991272
                ]
            }
        },
        {
            "type": "Feature",
            "properties": {
                "TOCKA": "P50",
                "STACIONAZA": 47565.19,
                "EHTRS96TM": 436868.521,
                "NHTRS96TM": 4872790.979,
                "H": 193.284,
                "STABILIZACIJA": "KAPA",
                "STRANA": "L",
                "UDALJENOST_OD_OSI": -4.35,
                "PRUGA": "M606"
            },
            "geometry": {
                "type": "Point",
                "coordinates": [
                    15.712908,
                    43.992393
                ]
            }
        },
        {
            "type": "Feature",
            "properties": {
                "TOCKA": "P51",
                "STACIONAZA": 47806.12,
                "EHTRS96TM": 436682.424,
                "NHTRS96TM": 4872944.418,
                "H": 191.784,
                "STABILIZACIJA": "KAPA",
                "STRANA": "D",
                "UDALJENOST_OD_OSI": 2.69,
                "PRUGA": "M606"
            },
            "geometry": {
                "type": "Point",
                "coordinates": [
                    15.71057,
                    43.993757
                ]
            }
        },
        {
            "type": "Feature",
            "properties": {
                "TOCKA": "P52",
                "STACIONAZA": 47912.41,
                "EHTRS96TM": 436594.226,
                "NHTRS96TM": 4873004.702,
                "H": 190.584,
                "STABILIZACIJA": "KAPA",
                "STRANA": "D",
                "UDALJENOST_OD_OSI": 4.35,
                "PRUGA": "M606"
            },
            "geometry": {
                "type": "Point",
                "coordinates": [
                    15.709463,
                    43.994292
                ]
            }
        },
        {
            "type": "Feature",
            "properties": {
                "TOCKA": "P53",
                "STACIONAZA": 48079.32,
                "EHTRS96TM": 436432.41,
                "NHTRS96TM": 4873049.169,
                "H": 191.658,
                "STABILIZACIJA": "KAPA",
                "STRANA": "D",
                "UDALJENOST_OD_OSI": 6.46,
                "PRUGA": "M606"
            },
            "geometry": {
                "type": "Point",
                "coordinates": [
                    15.70744,
                    43.994679
                ]
            }
        },
        {
            "type": "Feature",
            "properties": {
                "TOCKA": "P54",
                "STACIONAZA": 48362.62,
                "EHTRS96TM": 436150.469,
                "NHTRS96TM": 4873009.716,
                "H": 188.89,
                "STABILIZACIJA": "KAPA",
                "STRANA": "D",
                "UDALJENOST_OD_OSI": 5.5,
                "PRUGA": "M606"
            },
            "geometry": {
                "type": "Point",
                "coordinates": [
                    15.70393,
                    43.994299
                ]
            }
        },
        {
            "type": "Feature",
            "properties": {
                "TOCKA": "P55",
                "STACIONAZA": 48578.9,
                "EHTRS96TM": 435968.143,
                "NHTRS96TM": 4872892.705,
                "H": 186.546,
                "STABILIZACIJA": "KAPA",
                "STRANA": "L",
                "UDALJENOST_OD_OSI": -4.25,
                "PRUGA": "M606"
            },
            "geometry": {
                "type": "Point",
                "coordinates": [
                    15.701671,
                    43.99323
                ]
            }
        },
        {
            "type": "Feature",
            "properties": {
                "TOCKA": "P56",
                "STACIONAZA": 48730.63,
                "EHTRS96TM": 435829.933,
                "NHTRS96TM": 4872829.089,
                "H": 185.509,
                "STABILIZACIJA": "KAPA",
                "STRANA": "L",
                "UDALJENOST_OD_OSI": -2.96,
                "PRUGA": "M606"
            },
            "geometry": {
                "type": "Point",
                "coordinates": [
                    15.699956,
                    43.992646
                ]
            }
        },
        {
            "type": "Feature",
            "properties": {
                "TOCKA": "P57",
                "STACIONAZA": 48863.57,
                "EHTRS96TM": 435697.229,
                "NHTRS96TM": 4872816.699,
                "H": 184.442,
                "STABILIZACIJA": "KAPA",
                "STRANA": "L",
                "UDALJENOST_OD_OSI": -2.97,
                "PRUGA": "M606"
            },
            "geometry": {
                "type": "Point",
                "coordinates": [
                    15.698303,
                    43.992522
                ]
            }
        },
        {
            "type": "Feature",
            "properties": {
                "TOCKA": "P58",
                "STACIONAZA": 48998.29,
                "EHTRS96TM": 435565.997,
                "NHTRS96TM": 4872848.749,
                "H": 183.599,
                "STABILIZACIJA": "KAPA",
                "STRANA": "L",
                "UDALJENOST_OD_OSI": -3.28,
                "PRUGA": "M606"
            },
            "geometry": {
                "type": "Point",
                "coordinates": [
                    15.696663,
                    43.992799
                ]
            }
        },
        {
            "type": "Feature",
            "properties": {
                "TOCKA": "P59",
                "STACIONAZA": 49253.62,
                "EHTRS96TM": 435342.281,
                "NHTRS96TM": 4872972.497,
                "H": 181.833,
                "STABILIZACIJA": "KAPA",
                "STRANA": "L",
                "UDALJENOST_OD_OSI": -3.05,
                "PRUGA": "M606"
            },
            "geometry": {
                "type": "Point",
                "coordinates": [
                    15.693859,
                    43.993893
                ]
            }
        },
        {
            "type": "Feature",
            "properties": {
                "TOCKA": "P60",
                "STACIONAZA": 49504.6,
                "EHTRS96TM": 435124.916,
                "NHTRS96TM": 4873098.223,
                "H": 180.522,
                "STABILIZACIJA": "KAPA",
                "STRANA": "L",
                "UDALJENOST_OD_OSI": -2.64,
                "PRUGA": "M606"
            },
            "geometry": {
                "type": "Point",
                "coordinates": [
                    15.691134,
                    43.995006
                ]
            }
        },
        {
            "type": "Feature",
            "properties": {
                "TOCKA": "P61",
                "STACIONAZA": 49624.75,
                "EHTRS96TM": 435034.445,
                "NHTRS96TM": 4873177.786,
                "H": 179.539,
                "STABILIZACIJA": "KAPA",
                "STRANA": "L",
                "UDALJENOST_OD_OSI": -2.79,
                "PRUGA": "M606"
            },
            "geometry": {
                "type": "Point",
                "coordinates": [
                    15.689997,
                    43.995714
                ]
            }
        },
        {
            "type": "Feature",
            "properties": {
                "TOCKA": "P62",
                "STACIONAZA": 49825.36,
                "EHTRS96TM": 434900.159,
                "NHTRS96TM": 4873326.87,
                "H": 178.297,
                "STABILIZACIJA": "KAPA",
                "STRANA": "D",
                "UDALJENOST_OD_OSI": 2.66,
                "PRUGA": "M606"
            },
            "geometry": {
                "type": "Point",
                "coordinates": [
                    15.688304,
                    43.997044
                ]
            }
        },
        {
            "type": "Feature",
            "properties": {
                "TOCKA": "P63",
                "STACIONAZA": 49979.94,
                "EHTRS96TM": 434759.302,
                "NHTRS96TM": 4873390.535,
                "H": 177.728,
                "STABILIZACIJA": "KAPA",
                "STRANA": "D",
                "UDALJENOST_OD_OSI": 3.02,
                "PRUGA": "M606"
            },
            "geometry": {
                "type": "Point",
                "coordinates": [
                    15.68654,
                    43.997604
                ]
            }
        },
        {
            "type": "Feature",
            "properties": {
                "TOCKA": "P64",
                "STACIONAZA": 50136.51,
                "EHTRS96TM": 434602.657,
                "NHTRS96TM": 4873391.027,
                "H": 177.308,
                "STABILIZACIJA": "KAPA",
                "STRANA": "D",
                "UDALJENOST_OD_OSI": 2.16,
                "PRUGA": "M606"
            },
            "geometry": {
                "type": "Point",
                "coordinates": [
                    15.684587,
                    43.997595
                ]
            }
        },
        {
            "type": "Feature",
            "properties": {
                "TOCKA": "P65",
                "STACIONAZA": 50265.51,
                "EHTRS96TM": 434473.991,
                "NHTRS96TM": 4873380.074,
                "H": 176.967,
                "STABILIZACIJA": "KAPA",
                "STRANA": "L",
                "UDALJENOST_OD_OSI": -2.92,
                "PRUGA": "M606"
            },
            "geometry": {
                "type": "Point",
                "coordinates": [
                    15.682984,
                    43.997485
                ]
            }
        },
        {
            "type": "Feature",
            "properties": {
                "TOCKA": "P66",
                "STACIONAZA": 50393.49,
                "EHTRS96TM": 434349.421,
                "NHTRS96TM": 4873412.192,
                "H": 177.35,
                "STABILIZACIJA": "KAPA ŽCP",
                "STRANA": "L",
                "UDALJENOST_OD_OSI": -4.52,
                "PRUGA": "M606"
            },
            "geometry": {
                "type": "Point",
                "coordinates": [
                    15.681427,
                    43.997763
                ]
            }
        },
        {
            "type": "Feature",
            "properties": {
                "TOCKA": "P67",
                "STACIONAZA": 50675.25,
                "EHTRS96TM": 434129.243,
                "NHTRS96TM": 4873588.689,
                "H": 176.989,
                "STABILIZACIJA": "KAPA",
                "STRANA": "L",
                "UDALJENOST_OD_OSI": -2.68,
                "PRUGA": "M606"
            },
            "geometry": {
                "type": "Point",
                "coordinates": [
                    15.67866,
                    43.999331
                ]
            }
        },
        {
            "type": "Feature",
            "properties": {
                "TOCKA": "P68",
                "STACIONAZA": 50965.59,
                "EHTRS96TM": 433971.934,
                "NHTRS96TM": 4873832.883,
                "H": 178.56,
                "STABILIZACIJA": "KAPA ŽCP",
                "STRANA": "D",
                "UDALJENOST_OD_OSI": 2.59,
                "PRUGA": "M606"
            },
            "geometry": {
                "type": "Point",
                "coordinates": [
                    15.676669,
                    44.001515
                ]
            }
        },
        {
            "type": "Feature",
            "properties": {
                "TOCKA": "P69",
                "STACIONAZA": 51105.54,
                "EHTRS96TM": 433866.124,
                "NHTRS96TM": 4873924.662,
                "H": 177.926,
                "STABILIZACIJA": "KAPA",
                "STRANA": "D",
                "UDALJENOST_OD_OSI": 2.41,
                "PRUGA": "M606"
            },
            "geometry": {
                "type": "Point",
                "coordinates": [
                    15.675338,
                    44.002332
                ]
            }
        },
        {
            "type": "Feature",
            "properties": {
                "TOCKA": "P70",
                "STACIONAZA": 51267.09,
                "EHTRS96TM": 433714.978,
                "NHTRS96TM": 4873981.913,
                "H": 178.445,
                "STABILIZACIJA": "KAPA",
                "STRANA": "D",
                "UDALJENOST_OD_OSI": 2.86,
                "PRUGA": "M606"
            },
            "geometry": {
                "type": "Point",
                "coordinates": [
                    15.673446,
                    44.002833
                ]
            }
        },
        {
            "type": "Feature",
            "properties": {
                "TOCKA": "P71",
                "STACIONAZA": 51430.28,
                "EHTRS96TM": 433556.55,
                "NHTRS96TM": 4874021.696,
                "H": 178.787,
                "STABILIZACIJA": "KAPA",
                "STRANA": "L",
                "UDALJENOST_OD_OSI": -2.78,
                "PRUGA": "M606"
            },
            "geometry": {
                "type": "Point",
                "coordinates": [
                    15.671466,
                    44.003177
                ]
            }
        },
        {
            "type": "Feature",
            "properties": {
                "TOCKA": "P72",
                "STACIONAZA": 51573.97,
                "EHTRS96TM": 433435.318,
                "NHTRS96TM": 4874099.568,
                "H": 178.752,
                "STABILIZACIJA": "KAPA",
                "STRANA": "L",
                "UDALJENOST_OD_OSI": -3.95,
                "PRUGA": "M606"
            },
            "geometry": {
                "type": "Point",
                "coordinates": [
                    15.669945,
                    44.003867
                ]
            }
        },
        {
            "type": "Feature",
            "properties": {
                "TOCKA": "P73",
                "STACIONAZA": 51711.35,
                "EHTRS96TM": 433356.842,
                "NHTRS96TM": 4874212.597,
                "H": 180.141,
                "STABILIZACIJA": "BOLCNA ŽCP",
                "STRANA": "D",
                "UDALJENOST_OD_OSI": 5,
                "PRUGA": "M606"
            },
            "geometry": {
                "type": "Point",
                "coordinates": [
                    15.668952,
                    44.004877
                ]
            }
        },
        {
            "type": "Feature",
            "properties": {
                "TOCKA": "P74",
                "STACIONAZA": 51912.75,
                "EHTRS96TM": 433227.211,
                "NHTRS96TM": 4874366.887,
                "H": 179.587,
                "STABILIZACIJA": "KAPA",
                "STRANA": "D",
                "UDALJENOST_OD_OSI": 2.77,
                "PRUGA": "M606"
            },
            "geometry": {
                "type": "Point",
                "coordinates": [
                    15.667316,
                    44.006254
                ]
            }
        },
        {
            "type": "Feature",
            "properties": {
                "TOCKA": "P75N",
                "STACIONAZA": 52071.57,
                "EHTRS96TM": 433086.9,
                "NHTRS96TM": 4874442.075,
                "H": 179.807,
                "STABILIZACIJA": "KAPA",
                "STRANA": "D",
                "UDALJENOST_OD_OSI": 4.35,
                "PRUGA": "M606"
            },
            "geometry": {
                "type": "Point",
                "coordinates": [
                    15.665557,
                    44.006918
                ]
            }
        },
        {
            "type": "Feature",
            "properties": {
                "TOCKA": "P76",
                "STACIONAZA": 52314.42,
                "EHTRS96TM": 432849.271,
                "NHTRS96TM": 4874493.501,
                "H": 180.363,
                "STABILIZACIJA": "KAPA",
                "STRANA": "L",
                "UDALJENOST_OD_OSI": -2.08,
                "PRUGA": "M606"
            },
            "geometry": {
                "type": "Point",
                "coordinates": [
                    15.662588,
                    44.007359
                ]
            }
        },
        {
            "type": "Feature",
            "properties": {
                "TOCKA": "P77",
                "STACIONAZA": 52499.51,
                "EHTRS96TM": 432670.84,
                "NHTRS96TM": 4874544.705,
                "H": 181.395,
                "STABILIZACIJA": "KAPA ŽCP",
                "STRANA": "L",
                "UDALJENOST_OD_OSI": -5.77,
                "PRUGA": "M606"
            },
            "geometry": {
                "type": "Point",
                "coordinates": [
                    15.660356,
                    44.007803
                ]
            }
        },
        {
            "type": "Feature",
            "properties": {
                "TOCKA": "P78",
                "STACIONAZA": 52691.33,
                "EHTRS96TM": 432512.861,
                "NHTRS96TM": 4874654.386,
                "H": 181.081,
                "STABILIZACIJA": "KAPA",
                "STRANA": "L",
                "UDALJENOST_OD_OSI": -2.52,
                "PRUGA": "M606"
            },
            "geometry": {
                "type": "Point",
                "coordinates": [
                    15.658372,
                    44.008776
                ]
            }
        },
        {
            "type": "Feature",
            "properties": {
                "TOCKA": "P79",
                "STACIONAZA": 52950.65,
                "EHTRS96TM": 432324.145,
                "NHTRS96TM": 4874832.355,
                "H": 181.647,
                "STABILIZACIJA": "KAPA",
                "STRANA": "D",
                "UDALJENOST_OD_OSI": 2.87,
                "PRUGA": "M606"
            },
            "geometry": {
                "type": "Point",
                "coordinates": [
                    15.655996,
                    44.01036
                ]
            }
        },
        {
            "type": "Feature",
            "properties": {
                "TOCKA": "P80",
                "STACIONAZA": 53147.78,
                "EHTRS96TM": 432178.163,
                "NHTRS96TM": 4874964.978,
                "H": 182.235,
                "STABILIZACIJA": "KAPA ŽCP",
                "STRANA": "L",
                "UDALJENOST_OD_OSI": -3.62,
                "PRUGA": "M606"
            },
            "geometry": {
                "type": "Point",
                "coordinates": [
                    15.654159,
                    44.01154
                ]
            }
        },
        {
            "type": "Feature",
            "properties": {
                "TOCKA": "P81",
                "STACIONAZA": 53438.04,
                "EHTRS96TM": 431985.227,
                "NHTRS96TM": 4875182.079,
                "H": 182.344,
                "STABILIZACIJA": "KAPA",
                "STRANA": "D",
                "UDALJENOST_OD_OSI": 2.97,
                "PRUGA": "M606"
            },
            "geometry": {
                "type": "Point",
                "coordinates": [
                    15.651725,
                    44.013476
                ]
            }
        },
        {
            "type": "Feature",
            "properties": {
                "TOCKA": "P82",
                "STACIONAZA": 53713.21,
                "EHTRS96TM": 431776.27,
                "NHTRS96TM": 4875361.511,
                "H": 183.02,
                "STABILIZACIJA": "KAPA",
                "STRANA": "D",
                "UDALJENOST_OD_OSI": 3.45,
                "PRUGA": "M606"
            },
            "geometry": {
                "type": "Point",
                "coordinates": [
                    15.649096,
                    44.015072
                ]
            }
        },
        {
            "type": "Feature",
            "properties": {
                "TOCKA": "P83",
                "STACIONAZA": 54000.08,
                "EHTRS96TM": 431525.124,
                "NHTRS96TM": 4875500.65,
                "H": 183.798,
                "STABILIZACIJA": "KAPA",
                "STRANA": "D",
                "UDALJENOST_OD_OSI": 3.23,
                "PRUGA": "M606"
            },
            "geometry": {
                "type": "Point",
                "coordinates": [
                    15.645946,
                    44.016301
                ]
            }
        },
        {
            "type": "Feature",
            "properties": {
                "TOCKA": "P84",
                "STACIONAZA": 54251.2,
                "EHTRS96TM": 431301.194,
                "NHTRS96TM": 4875614.461,
                "H": 185.92,
                "STABILIZACIJA": "TIPLA",
                "STRANA": "L",
                "UDALJENOST_OD_OSI": -2.61,
                "PRUGA": "M606"
            },
            "geometry": {
                "type": "Point",
                "coordinates": [
                    15.643139,
                    44.017304
                ]
            }
        },
        {
            "type": "Feature",
            "properties": {
                "TOCKA": "P85",
                "STACIONAZA": 54502.44,
                "EHTRS96TM": 431082.17,
                "NHTRS96TM": 4875737.744,
                "H": 184.783,
                "STABILIZACIJA": "TIPLA",
                "STRANA": "D",
                "UDALJENOST_OD_OSI": 2.56,
                "PRUGA": "M606"
            },
            "geometry": {
                "type": "Point",
                "coordinates": [
                    15.640391,
                    44.018393
                ]
            }
        },
        {
            "type": "Feature",
            "properties": {
                "TOCKA": "P86",
                "STACIONAZA": 54676.66,
                "EHTRS96TM": 430918.362,
                "NHTRS96TM": 4875796.595,
                "H": 183.782,
                "STABILIZACIJA": "KAPA ŽCP",
                "STRANA": "L",
                "UDALJENOST_OD_OSI": -2.55,
                "PRUGA": "M606"
            },
            "geometry": {
                "type": "Point",
                "coordinates": [
                    15.638341,
                    44.018907
                ]
            }
        },
        {
            "type": "Feature",
            "properties": {
                "TOCKA": "P87",
                "STACIONAZA": 54915.93,
                "EHTRS96TM": 430689.546,
                "NHTRS96TM": 4875866.997,
                "H": 181.707,
                "STABILIZACIJA": "KAPA",
                "STRANA": "L",
                "UDALJENOST_OD_OSI": -3.39,
                "PRUGA": "M606"
            },
            "geometry": {
                "type": "Point",
                "coordinates": [
                    15.635478,
                    44.019519
                ]
            }
        },
        {
            "type": "Feature",
            "properties": {
                "TOCKA": "P88",
                "STACIONAZA": 55097.98,
                "EHTRS96TM": 430522.63,
                "NHTRS96TM": 4875940.707,
                "H": 181.185,
                "STABILIZACIJA": "KAPA",
                "STRANA": "L",
                "UDALJENOST_OD_OSI": -5.46,
                "PRUGA": "M606"
            },
            "geometry": {
                "type": "Point",
                "coordinates": [
                    15.633386,
                    44.020167
                ]
            }
        },
        {
            "type": "Feature",
            "properties": {
                "TOCKA": "P89",
                "STACIONAZA": 55306.19,
                "EHTRS96TM": 430346.106,
                "NHTRS96TM": 4876051.818,
                "H": 179.181,
                "STABILIZACIJA": "KAPA ŽCP",
                "STRANA": "D",
                "UDALJENOST_OD_OSI": 4.01,
                "PRUGA": "M606"
            },
            "geometry": {
                "type": "Point",
                "coordinates": [
                    15.63117,
                    44.02115
                ]
            }
        },
        {
            "type": "Feature",
            "properties": {
                "TOCKA": "P90",
                "STACIONAZA": 55586.06,
                "EHTRS96TM": 430096.399,
                "NHTRS96TM": 4876178.195,
                "H": 176.409,
                "STABILIZACIJA": "KAPA",
                "STRANA": "D",
                "UDALJENOST_OD_OSI": 2.65,
                "PRUGA": "M606"
            },
            "geometry": {
                "type": "Point",
                "coordinates": [
                    15.628039,
                    44.022264
                ]
            }
        },
        {
            "type": "Feature",
            "properties": {
                "TOCKA": "P91",
                "STACIONAZA": 55735.29,
                "EHTRS96TM": 429948.659,
                "NHTRS96TM": 4876200.815,
                "H": 175.686,
                "STABILIZACIJA": "KAPA",
                "STRANA": "D",
                "UDALJENOST_OD_OSI": 2.82,
                "PRUGA": "M606"
            },
            "geometry": {
                "type": "Point",
                "coordinates": [
                    15.626194,
                    44.022453
                ]
            }
        },
        {
            "type": "Feature",
            "properties": {
                "TOCKA": "P92",
                "STACIONAZA": 55974,
                "EHTRS96TM": 429709.853,
                "NHTRS96TM": 4876186.047,
                "H": 174.166,
                "STABILIZACIJA": "BOLCNA ŽCP",
                "STRANA": "L",
                "UDALJENOST_OD_OSI": -5.02,
                "PRUGA": "M606"
            },
            "geometry": {
                "type": "Point",
                "coordinates": [
                    15.623217,
                    44.022298
                ]
            }
        },
        {
            "type": "Feature",
            "properties": {
                "TOCKA": "P93",
                "STACIONAZA": 56136.25,
                "EHTRS96TM": 429551.422,
                "NHTRS96TM": 4876223.734,
                "H": 172.446,
                "STABILIZACIJA": "KAPA",
                "STRANA": "L",
                "UDALJENOST_OD_OSI": -3.09,
                "PRUGA": "M606"
            },
            "geometry": {
                "type": "Point",
                "coordinates": [
                    15.621236,
                    44.022622
                ]
            }
        },
        {
            "type": "Feature",
            "properties": {
                "TOCKA": "P94",
                "STACIONAZA": 59290.51,
                "EHTRS96TM": 429418.53,
                "NHTRS96TM": 4876302.699,
                "H": 171.526,
                "STABILIZACIJA": "KAPA",
                "STRANA": "L",
                "UDALJENOST_OD_OSI": -2.91,
                "PRUGA": "M606"
            },
            "geometry": {
                "type": "Point",
                "coordinates": [
                    15.619568,
                    44.02332
                ]
            }
        },
        {
            "type": "Feature",
            "properties": {
                "TOCKA": "P95",
                "STACIONAZA": 56511.38,
                "EHTRS96TM": 429249.091,
                "NHTRS96TM": 4876444.539,
                "H": 170.91,
                "STABILIZACIJA": "KAPA",
                "STRANA": "D",
                "UDALJENOST_OD_OSI": 2.67,
                "PRUGA": "M606"
            },
            "geometry": {
                "type": "Point",
                "coordinates": [
                    15.617436,
                    44.02458
                ]
            }
        },
        {
            "type": "Feature",
            "properties": {
                "TOCKA": "P96",
                "STACIONAZA": 56722.32,
                "EHTRS96TM": 429083.902,
                "NHTRS96TM": 4876575.717,
                "H": 170.965,
                "STABILIZACIJA": "BOLCNA PERON",
                "STRANA": "D",
                "UDALJENOST_OD_OSI": 2.34,
                "PRUGA": "M606"
            },
            "geometry": {
                "type": "Point",
                "coordinates": [
                    15.615358,
                    44.025744
                ]
            }
        },
        {
            "type": "Feature",
            "properties": {
                "TOCKA": "P97",
                "STACIONAZA": 56948.17,
                "EHTRS96TM": 428907.22,
                "NHTRS96TM": 4876716.407,
                "H": 170.255,
                "STABILIZACIJA": "BOLCNA PERON",
                "STRANA": "D",
                "UDALJENOST_OD_OSI": 2.3,
                "PRUGA": "M606"
            },
            "geometry": {
                "type": "Point",
                "coordinates": [
                    15.613135,
                    44.026993
                ]
            }
        },
        {
            "type": "Feature",
            "properties": {
                "TOCKA": "P98",
                "STACIONAZA": 57179,
                "EHTRS96TM": 428727.699,
                "NHTRS96TM": 4876861.519,
                "H": 170.007,
                "STABILIZACIJA": "BOLCNA NA ŽCP-U",
                "STRANA": "D",
                "UDALJENOST_OD_OSI": 3.94,
                "PRUGA": "M606"
            },
            "geometry": {
                "type": "Point",
                "coordinates": [
                    15.610877,
                    44.028282
                ]
            }
        },
        {
            "type": "Feature",
            "properties": {
                "TOCKA": "P99",
                "STACIONAZA": 57376.34,
                "EHTRS96TM": 428561.857,
                "NHTRS96TM": 4876968.374,
                "H": 169.087,
                "STABILIZACIJA": "KAPA",
                "STRANA": "D",
                "UDALJENOST_OD_OSI": 2.98,
                "PRUGA": "M606"
            },
            "geometry": {
                "type": "Point",
                "coordinates": [
                    15.608793,
                    44.029228
                ]
            }
        },
        {
            "type": "Feature",
            "properties": {
                "TOCKA": "P100",
                "STACIONAZA": 57505.58,
                "EHTRS96TM": 428433.182,
                "NHTRS96TM": 4876983.113,
                "H": 168.757,
                "STABILIZACIJA": "KAPA",
                "STRANA": "D",
                "UDALJENOST_OD_OSI": 2.98,
                "PRUGA": "M606"
            },
            "geometry": {
                "type": "Point",
                "coordinates": [
                    15.607186,
                    44.029348
                ]
            }
        },
        {
            "type": "Feature",
            "properties": {
                "TOCKA": "P101",
                "STACIONAZA": 57634.41,
                "EHTRS96TM": 428310.301,
                "NHTRS96TM": 4876943.26,
                "H": 168.398,
                "STABILIZACIJA": "KAPA",
                "STRANA": "D",
                "UDALJENOST_OD_OSI": 3.31,
                "PRUGA": "M606"
            },
            "geometry": {
                "type": "Point",
                "coordinates": [
                    15.605659,
                    44.028977
                ]
            }
        },
        {
            "type": "Feature",
            "properties": {
                "TOCKA": "P102",
                "STACIONAZA": 57770.25,
                "EHTRS96TM": 428211.911,
                "NHTRS96TM": 4876849.342,
                "H": 168.607,
                "STABILIZACIJA": "KAPA",
                "STRANA": "D",
                "UDALJENOST_OD_OSI": 2.62,
                "PRUGA": "M606"
            },
            "geometry": {
                "type": "Point",
                "coordinates": [
                    15.604444,
                    44.028122
                ]
            }
        },
        {
            "type": "Feature",
            "properties": {
                "TOCKA": "P103",
                "STACIONAZA": 58060.5,
                "EHTRS96TM": 428080.421,
                "NHTRS96TM": 4876590.118,
                "H": 170.167,
                "STABILIZACIJA": "KAPA",
                "STRANA": "L",
                "UDALJENOST_OD_OSI": -2.64,
                "PRUGA": "M606"
            },
            "geometry": {
                "type": "Point",
                "coordinates": [
                    15.60284,
                    44.025776
                ]
            }
        },
        {
            "type": "Feature",
            "properties": {
                "TOCKA": "P104",
                "STACIONAZA": 58187.52,
                "EHTRS96TM": 427987.744,
                "NHTRS96TM": 4876502.909,
                "H": 170.514,
                "STABILIZACIJA": "KAPA",
                "STRANA": "L",
                "UDALJENOST_OD_OSI": -2.97,
                "PRUGA": "M606"
            },
            "geometry": {
                "type": "Point",
                "coordinates": [
                    15.601695,
                    44.024982
                ]
            }
        },
        {
            "type": "Feature",
            "properties": {
                "TOCKA": "P105",
                "STACIONAZA": 58377.66,
                "EHTRS96TM": 427807.762,
                "NHTRS96TM": 4876441.19,
                "H": 170.637,
                "STABILIZACIJA": "KAPA",
                "STRANA": "L",
                "UDALJENOST_OD_OSI": -2.62,
                "PRUGA": "M606"
            },
            "geometry": {
                "type": "Point",
                "coordinates": [
                    15.599459,
                    44.024409
                ]
            }
        },
        {
            "type": "Feature",
            "properties": {
                "TOCKA": "P106",
                "STACIONAZA": 58704.62,
                "EHTRS96TM": 427492.213,
                "NHTRS96TM": 4876355.591,
                "H": 170.796,
                "STABILIZACIJA": "KAPA",
                "STRANA": "L",
                "UDALJENOST_OD_OSI": -1.98,
                "PRUGA": "M606"
            },
            "geometry": {
                "type": "Point",
                "coordinates": [
                    15.595535,
                    44.023608
                ]
            }
        },
        {
            "type": "Feature",
            "properties": {
                "TOCKA": "P107",
                "STACIONAZA": 59002.88,
                "EHTRS96TM": 427204.418,
                "NHTRS96TM": 4876277,
                "H": 169.859,
                "STABILIZACIJA": "KAPA",
                "STRANA": "L",
                "UDALJENOST_OD_OSI": -2.4,
                "PRUGA": "M606"
            },
            "geometry": {
                "type": "Point",
                "coordinates": [
                    15.591956,
                    44.022872
                ]
            }
        },
        {
            "type": "Feature",
            "properties": {
                "TOCKA": "P108",
                "STACIONAZA": 59156.32,
                "EHTRS96TM": 427051.235,
                "NHTRS96TM": 4876265.166,
                "H": 168.845,
                "STABILIZACIJA": "KAPA",
                "STRANA": "L",
                "UDALJENOST_OD_OSI": -3.56,
                "PRUGA": "M606"
            },
            "geometry": {
                "type": "Point",
                "coordinates": [
                    15.590047,
                    44.02275
                ]
            }
        },
        {
            "type": "Feature",
            "properties": {
                "TOCKA": "P94",
                "STACIONAZA": 59290.51,
                "EHTRS96TM": 429418.53,
                "NHTRS96TM": 4876302.699,
                "H": 171.526,
                "STABILIZACIJA": "KAPA",
                "STRANA": "L",
                "UDALJENOST_OD_OSI": -2.91,
                "PRUGA": "M606"
            },
            "geometry": {
                "type": "Point",
                "coordinates": [
                    15.619568,
                    44.02332
                ]
            }
        },
        {
            "type": "Feature",
            "properties": {
                "TOCKA": "P109",
                "STACIONAZA": 59318.84,
                "EHTRS96TM": 426897.205,
                "NHTRS96TM": 4876317.533,
                "H": 168.353,
                "STABILIZACIJA": "KAPA",
                "STRANA": "L",
                "UDALJENOST_OD_OSI": -2.82,
                "PRUGA": "M606"
            },
            "geometry": {
                "type": "Point",
                "coordinates": [
                    15.588119,
                    44.023206
                ]
            }
        },
        {
            "type": "Feature",
            "properties": {
                "TOCKA": "P110",
                "STACIONAZA": 59622.56,
                "EHTRS96TM": 426677.392,
                "NHTRS96TM": 4876526.663,
                "H": 167.439,
                "STABILIZACIJA": "BOLCNA NA ŽCP-U",
                "STRANA": "L",
                "UDALJENOST_OD_OSI": -3.75,
                "PRUGA": "M606"
            },
            "geometry": {
                "type": "Point",
                "coordinates": [
                    15.585348,
                    44.025067
                ]
            }
        },
        {
            "type": "Feature",
            "properties": {
                "TOCKA": "P111",
                "STACIONAZA": 59915.72,
                "EHTRS96TM": 426491.258,
                "NHTRS96TM": 4876753.34,
                "H": 165.063,
                "STABILIZACIJA": "KAPA",
                "STRANA": "L",
                "UDALJENOST_OD_OSI": -2.77,
                "PRUGA": "M606"
            },
            "geometry": {
                "type": "Point",
                "coordinates": [
                    15.582995,
                    44.027088
                ]
            }
        },
        {
            "type": "Feature",
            "properties": {
                "TOCKA": "P112",
                "STACIONAZA": 60221.45,
                "EHTRS96TM": 426307.373,
                "NHTRS96TM": 4876997.666,
                "H": 163.149,
                "STABILIZACIJA": "BOLCNA NA ŽCP-U",
                "STRANA": "D",
                "UDALJENOST_OD_OSI": 3.41,
                "PRUGA": "M606"
            },
            "geometry": {
                "type": "Point",
                "coordinates": [
                    15.580668,
                    44.029268
                ]
            }
        },
        {
            "type": "Feature",
            "properties": {
                "TOCKA": "P113",
                "STACIONAZA": 60510.59,
                "EHTRS96TM": 426122.458,
                "NHTRS96TM": 4877220.156,
                "H": 160.507,
                "STABILIZACIJA": "KAPA",
                "STRANA": "D",
                "UDALJENOST_OD_OSI": 2.93,
                "PRUGA": "M606"
            },
            "geometry": {
                "type": "Point",
                "coordinates": [
                    15.57833,
                    44.031252
                ]
            }
        },
        {
            "type": "Feature",
            "properties": {
                "TOCKA": "P114",
                "STACIONAZA": 60833.71,
                "EHTRS96TM": 425869.713,
                "NHTRS96TM": 4877422.05,
                "H": 159.686,
                "STABILIZACIJA": "KAPA",
                "STRANA": "L",
                "UDALJENOST_OD_OSI": -4.51,
                "PRUGA": "M606"
            },
            "geometry": {
                "type": "Point",
                "coordinates": [
                    15.575149,
                    44.033044
                ]
            }
        },
        {
            "type": "Feature",
            "properties": {
                "TOCKA": "P115N",
                "STACIONAZA": 60969.38,
                "EHTRS96TM": 425776.447,
                "NHTRS96TM": 4877521.234,
                "H": 160.577,
                "STABILIZACIJA": "TIPLA",
                "STRANA": "L",
                "UDALJENOST_OD_OSI": -4.06,
                "PRUGA": "M606"
            },
            "geometry": {
                "type": "Point",
                "coordinates": [
                    15.573972,
                    44.033927
                ]
            }
        },
        {
            "type": "Feature",
            "properties": {
                "TOCKA": "P116",
                "STACIONAZA": 61251.36,
                "EHTRS96TM": 425617.48,
                "NHTRS96TM": 4877754.446,
                "H": 160.664,
                "STABILIZACIJA": "KAPA",
                "STRANA": "D",
                "UDALJENOST_OD_OSI": 2.55,
                "PRUGA": "M606"
            },
            "geometry": {
                "type": "Point",
                "coordinates": [
                    15.571956,
                    44.036009
                ]
            }
        },
        {
            "type": "Feature",
            "properties": {
                "TOCKA": "P117",
                "STACIONAZA": 61523.18,
                "EHTRS96TM": 425459.775,
                "NHTRS96TM": 4877975.986,
                "H": 161.801,
                "STABILIZACIJA": "TIPLA NA PARAPETU PROPUSTA",
                "STRANA": "D",
                "UDALJENOST_OD_OSI": 2.41,
                "PRUGA": "M606"
            },
            "geometry": {
                "type": "Point",
                "coordinates": [
                    15.569957,
                    44.037987
                ]
            }
        },
        {
            "type": "Feature",
            "properties": {
                "TOCKA": "P118",
                "STACIONAZA": 61805.04,
                "EHTRS96TM": 425260.972,
                "NHTRS96TM": 4878175.998,
                "H": 163.129,
                "STABILIZACIJA": "BOLCNA NA ŽCP-U",
                "STRANA": "L",
                "UDALJENOST_OD_OSI": -3.7,
                "PRUGA": "M606"
            },
            "geometry": {
                "type": "Point",
                "coordinates": [
                    15.567449,
                    44.039767
                ]
            }
        },
        {
            "type": "Feature",
            "properties": {
                "TOCKA": "P119",
                "STACIONAZA": 62107.86,
                "EHTRS96TM": 425073.712,
                "NHTRS96TM": 4878414.183,
                "H": 163.054,
                "STABILIZACIJA": "KAPA",
                "STRANA": "D",
                "UDALJENOST_OD_OSI": 3.31,
                "PRUGA": "M606"
            },
            "geometry": {
                "type": "Point",
                "coordinates": [
                    15.565079,
                    44.041891
                ]
            }
        },
        {
            "type": "Feature",
            "properties": {
                "TOCKA": "P120",
                "STACIONAZA": 62409.52,
                "EHTRS96TM": 424885.651,
                "NHTRS96TM": 4878650.14,
                "H": 163.943,
                "STABILIZACIJA": "KAPA",
                "STRANA": "D",
                "UDALJENOST_OD_OSI": 3.29,
                "PRUGA": "M606"
            },
            "geometry": {
                "type": "Point",
                "coordinates": [
                    15.562699,
                    44.043996
                ]
            }
        },
        {
            "type": "Feature",
            "properties": {
                "TOCKA": "P121",
                "STACIONAZA": 62706.38,
                "EHTRS96TM": 424682.435,
                "NHTRS96TM": 4878866.778,
                "H": 163.986,
                "STABILIZACIJA": "KAPA",
                "STRANA": "L",
                "UDALJENOST_OD_OSI": -3.49,
                "PRUGA": "M606"
            },
            "geometry": {
                "type": "Point",
                "coordinates": [
                    15.560133,
                    44.045925
                ]
            }
        },
        {
            "type": "Feature",
            "properties": {
                "TOCKA": "P122",
                "STACIONAZA": 63007.44,
                "EHTRS96TM": 424490.905,
                "NHTRS96TM": 4879099.318,
                "H": 163.29,
                "STABILIZACIJA": "KAPA",
                "STRANA": "D",
                "UDALJENOST_OD_OSI": 2.94,
                "PRUGA": "M606"
            },
            "geometry": {
                "type": "Point",
                "coordinates": [
                    15.55771,
                    44.047998
                ]
            }
        },
        {
            "type": "Feature",
            "properties": {
                "TOCKA": "P123",
                "STACIONAZA": 63305.76,
                "EHTRS96TM": 424282.747,
                "NHTRS96TM": 4879313.143,
                "H": 162.602,
                "STABILIZACIJA": "KAPA",
                "STRANA": "D",
                "UDALJENOST_OD_OSI": 2.86,
                "PRUGA": "M606"
            },
            "geometry": {
                "type": "Point",
                "coordinates": [
                    15.555082,
                    44.049901
                ]
            }
        },
        {
            "type": "Feature",
            "properties": {
                "TOCKA": "P124",
                "STACIONAZA": 63609.34,
                "EHTRS96TM": 424069.575,
                "NHTRS96TM": 4879529.301,
                "H": 161.319,
                "STABILIZACIJA": "KAPA",
                "STRANA": "D",
                "UDALJENOST_OD_OSI": 3.08,
                "PRUGA": "M606"
            },
            "geometry": {
                "type": "Point",
                "coordinates": [
                    15.552391,
                    44.051824
                ]
            }
        },
        {
            "type": "Feature",
            "properties": {
                "TOCKA": "P125",
                "STACIONAZA": 63738.87,
                "EHTRS96TM": 423966.349,
                "NHTRS96TM": 4879607.996,
                "H": 160.911,
                "STABILIZACIJA": "KAPA",
                "STRANA": "D",
                "UDALJENOST_OD_OSI": 2.83,
                "PRUGA": "M606"
            },
            "geometry": {
                "type": "Point",
                "coordinates": [
                    15.551092,
                    44.052521
                ]
            }
        },
        {
            "type": "Feature",
            "properties": {
                "TOCKA": "P126",
                "STACIONAZA": 63857.28,
                "EHTRS96TM": 423851.729,
                "NHTRS96TM": 4879638.917,
                "H": 160.747,
                "STABILIZACIJA": "KAPA",
                "STRANA": "D",
                "UDALJENOST_OD_OSI": 2.76,
                "PRUGA": "M606"
            },
            "geometry": {
                "type": "Point",
                "coordinates": [
                    15.549657,
                    44.052788
                ]
            }
        },
        {
            "type": "Feature",
            "properties": {
                "TOCKA": "P127",
                "STACIONAZA": 64154.78,
                "EHTRS96TM": 423554.911,
                "NHTRS96TM": 4879660.431,
                "H": 160.985,
                "STABILIZACIJA": "KAPA",
                "STRANA": "L",
                "UDALJENOST_OD_OSI": -2.25,
                "PRUGA": "M606"
            },
            "geometry": {
                "type": "Point",
                "coordinates": [
                    15.54595,
                    44.05295
                ]
            }
        },
        {
            "type": "Feature",
            "properties": {
                "TOCKA": "P128",
                "STACIONAZA": 64455.15,
                "EHTRS96TM": 423256.268,
                "NHTRS96TM": 4879693.178,
                "H": 160.982,
                "STABILIZACIJA": "KAPA",
                "STRANA": "D",
                "UDALJENOST_OD_OSI": 4.03,
                "PRUGA": "M606"
            },
            "geometry": {
                "type": "Point",
                "coordinates": [
                    15.542219,
                    44.053214
                ]
            }
        },
        {
            "type": "Feature",
            "properties": {
                "TOCKA": "P129",
                "STACIONAZA": 64756.96,
                "EHTRS96TM": 422954.978,
                "NHTRS96TM": 4879712.373,
                "H": 160.019,
                "STABILIZACIJA": "KAPA",
                "STRANA": "L",
                "UDALJENOST_OD_OSI": -3.43,
                "PRUGA": "M606"
            },
            "geometry": {
                "type": "Point",
                "coordinates": [
                    15.538456,
                    44.053355
                ]
            }
        },
        {
            "type": "Feature",
            "properties": {
                "TOCKA": "P130",
                "STACIONAZA": 65006.38,
                "EHTRS96TM": 422707.151,
                "NHTRS96TM": 4879742.674,
                "H": 158.636,
                "STABILIZACIJA": "KAPA",
                "STRANA": "L",
                "UDALJENOST_OD_OSI": -3.07,
                "PRUGA": "M606"
            },
            "geometry": {
                "type": "Point",
                "coordinates": [
                    15.53536,
                    44.053602
                ]
            }
        },
        {
            "type": "Feature",
            "properties": {
                "TOCKA": "P131",
                "STACIONAZA": 65138.35,
                "EHTRS96TM": 422587.316,
                "NHTRS96TM": 4879798.998,
                "H": 157.755,
                "STABILIZACIJA": "KAPA",
                "STRANA": "L",
                "UDALJENOST_OD_OSI": -3.26,
                "PRUGA": "M606"
            },
            "geometry": {
                "type": "Point",
                "coordinates": [
                    15.533856,
                    44.054096
                ]
            }
        },
        {
            "type": "Feature",
            "properties": {
                "TOCKA": "P132",
                "STACIONAZA": 65460.24,
                "EHTRS96TM": 422342.809,
                "NHTRS96TM": 4880008.931,
                "H": 155.374,
                "STABILIZACIJA": "KAPA",
                "STRANA": "D",
                "UDALJENOST_OD_OSI": 3.41,
                "PRUGA": "M606"
            },
            "geometry": {
                "type": "Point",
                "coordinates": [
                    15.530774,
                    44.055959
                ]
            }
        },
        {
            "type": "Feature",
            "properties": {
                "TOCKA": "P133",
                "STACIONAZA": 65615.26,
                "EHTRS96TM": 422195.334,
                "NHTRS96TM": 4880057.662,
                "H": 154.451,
                "STABILIZACIJA": "ΚΑΡΑ",
                "STRANA": "D",
                "UDALJENOST_OD_OSI": 3.14,
                "PRUGA": "M606"
            },
            "geometry": {
                "type": "Point",
                "coordinates": [
                    15.528926,
                    44.056382
                ]
            }
        },
        {
            "type": "Feature",
            "properties": {
                "TOCKA": "P134",
                "STACIONAZA": 65757.17,
                "EHTRS96TM": 422054,
                "NHTRS96TM": 4880046.831,
                "H": 153.25,
                "STABILIZACIJA": "KAPA",
                "STRANA": "L",
                "UDALJENOST_OD_OSI": -3.22,
                "PRUGA": "M606"
            },
            "geometry": {
                "type": "Point",
                "coordinates": [
                    15.527164,
                    44.05627
                ]
            }
        },
        {
            "type": "Feature",
            "properties": {
                "TOCKA": "P135",
                "STACIONAZA": 65980.99,
                "EHTRS96TM": 421830.742,
                "NHTRS96TM": 4880027.351,
                "H": 151.776,
                "STABILIZACIJA": "KAPA",
                "STRANA": "L",
                "UDALJENOST_OD_OSI": -3.79,
                "PRUGA": "M606"
            },
            "geometry": {
                "type": "Point",
                "coordinates": [
                    15.524381,
                    44.056071
                ]
            }
        },
        {
            "type": "Feature",
            "properties": {
                "TOCKA": "P136",
                "STACIONAZA": 66141.61,
                "EHTRS96TM": 421674.455,
                "NHTRS96TM": 4880067.614,
                "H": 151.374,
                "STABILIZACIJA": "KAPA",
                "STRANA": "L",
                "UDALJENOST_OD_OSI": -5.27,
                "PRUGA": "M606"
            },
            "geometry": {
                "type": "Point",
                "coordinates": [
                    15.522425,
                    44.056416
                ]
            }
        },
        {
            "type": "Feature",
            "properties": {
                "TOCKA": "P137",
                "STACIONAZA": 66309.46,
                "EHTRS96TM": 421538.812,
                "NHTRS96TM": 4880167.649,
                "H": 149.929,
                "STABILIZACIJA": "KAPA",
                "STRANA": "L",
                "UDALJENOST_OD_OSI": -3.68,
                "PRUGA": "M606"
            },
            "geometry": {
                "type": "Point",
                "coordinates": [
                    15.520717,
                    44.057302
                ]
            }
        },
        {
            "type": "Feature",
            "properties": {
                "TOCKA": "P138",
                "STACIONAZA": 66447.73,
                "EHTRS96TM": 421463.498,
                "NHTRS96TM": 4880283.729,
                "H": 148.931,
                "STABILIZACIJA": "KAPA",
                "STRANA": "D",
                "UDALJENOST_OD_OSI": 2.85,
                "PRUGA": "M606"
            },
            "geometry": {
                "type": "Point",
                "coordinates": [
                    15.51976,
                    44.058339
                ]
            }
        },
        {
            "type": "Feature",
            "properties": {
                "TOCKA": "P139",
                "STACIONAZA": 66705.16,
                "EHTRS96TM": 421324.135,
                "NHTRS96TM": 4880500.461,
                "H": 147.105,
                "STABILIZACIJA": "KAPA",
                "STRANA": "D",
                "UDALJENOST_OD_OSI": 3.19,
                "PRUGA": "M606"
            },
            "geometry": {
                "type": "Point",
                "coordinates": [
                    15.517989,
                    44.060274
                ]
            }
        },
        {
            "type": "Feature",
            "properties": {
                "TOCKA": "P140",
                "STACIONAZA": 66872.8,
                "EHTRS96TM": 421191.932,
                "NHTRS96TM": 4880603.661,
                "H": 146.062,
                "STABILIZACIJA": "KAPA",
                "STRANA": "D",
                "UDALJENOST_OD_OSI": 2.45,
                "PRUGA": "M606"
            },
            "geometry": {
                "type": "Point",
                "coordinates": [
                    15.516324,
                    44.061189
                ]
            }
        },
        {
            "type": "Feature",
            "properties": {
                "TOCKA": "P141",
                "STACIONAZA": 67061.31,
                "EHTRS96TM": 421017.509,
                "NHTRS96TM": 4880675.655,
                "H": 145.461,
                "STABILIZACIJA": "BOLCNA NA ŽCP-U",
                "STRANA": "L",
                "UDALJENOST_OD_OSI": -3.43,
                "PRUGA": "M606"
            },
            "geometry": {
                "type": "Point",
                "coordinates": [
                    15.514136,
                    44.061818
                ]
            }
        },
        {
            "type": "Feature",
            "properties": {
                "TOCKA": "P142",
                "STACIONAZA": 67296.92,
                "EHTRS96TM": 420807.199,
                "NHTRS96TM": 4880782.52,
                "H": 142.588,
                "STABILIZACIJA": "KAPA",
                "STRANA": "L",
                "UDALJENOST_OD_OSI": -4.15,
                "PRUGA": "M606"
            },
            "geometry": {
                "type": "Point",
                "coordinates": [
                    15.511495,
                    44.062757
                ]
            }
        },
        {
            "type": "Feature",
            "properties": {
                "TOCKA": "P143",
                "STACIONAZA": 67578.67,
                "EHTRS96TM": 420589.802,
                "NHTRS96TM": 4880962.751,
                "H": 141.406,
                "STABILIZACIJA": "KAPA NA ŽCP-U",
                "STRANA": "D",
                "UDALJENOST_OD_OSI": 4.24,
                "PRUGA": "M606"
            },
            "geometry": {
                "type": "Point",
                "coordinates": [
                    15.508755,
                    44.064356
                ]
            }
        },
        {
            "type": "Feature",
            "properties": {
                "TOCKA": "P144",
                "STACIONAZA": 67769.14,
                "EHTRS96TM": 420408.104,
                "NHTRS96TM": 4881020.04,
                "H": 139.403,
                "STABILIZACIJA": "KAPA",
                "STRANA": "D",
                "UDALJENOST_OD_OSI": 3.62,
                "PRUGA": "M606"
            },
            "geometry": {
                "type": "Point",
                "coordinates": [
                    15.506479,
                    44.064851
                ]
            }
        },
        {
            "type": "Feature",
            "properties": {
                "TOCKA": "P145",
                "STACIONAZA": 68083.18,
                "EHTRS96TM": 420093.675,
                "NHTRS96TM": 4881019.443,
                "H": 137.565,
                "STABILIZACIJA": "KAPA",
                "STRANA": "L",
                "UDALJENOST_OD_OSI": -2.5,
                "PRUGA": "M606"
            },
            "geometry": {
                "type": "Point",
                "coordinates": [
                    15.502554,
                    44.064812
                ]
            }
        },
        {
            "type": "Feature",
            "properties": {
                "TOCKA": "P146",
                "STACIONAZA": 68244.89,
                "EHTRS96TM": 419938.928,
                "NHTRS96TM": 4881068.526,
                "H": 137.691,
                "STABILIZACIJA": "KAPA",
                "STRANA": "L",
                "UDALJENOST_OD_OSI": -5.93,
                "PRUGA": "M606"
            },
            "geometry": {
                "type": "Point",
                "coordinates": [
                    15.500616,
                    44.065237
                ]
            }
        },
        {
            "type": "Feature",
            "properties": {
                "TOCKA": "P147",
                "STACIONAZA": 68406,
                "EHTRS96TM": 419820.483,
                "NHTRS96TM": 4881178.789,
                "H": 135.52,
                "STABILIZACIJA": "KAPA",
                "STRANA": "L",
                "UDALJENOST_OD_OSI": -2.93,
                "PRUGA": "M606"
            },
            "geometry": {
                "type": "Point",
                "coordinates": [
                    15.499121,
                    44.066216
                ]
            }
        },
        {
            "type": "Feature",
            "properties": {
                "TOCKA": "P148",
                "STACIONAZA": 68702.81,
                "EHTRS96TM": 419677.457,
                "NHTRS96TM": 4881439.059,
                "H": 133.371,
                "STABILIZACIJA": "KAPA",
                "STRANA": "D",
                "UDALJENOST_OD_OSI": 2.46,
                "PRUGA": "M606"
            },
            "geometry": {
                "type": "Point",
                "coordinates": [
                    15.497296,
                    44.068543
                ]
            }
        },
        {
            "type": "Feature",
            "properties": {
                "TOCKA": "P149",
                "STACIONAZA": 68882.12,
                "EHTRS96TM": 419537.662,
                "NHTRS96TM": 4881550.874,
                "H": 132.992,
                "STABILIZACIJA": "ΚΑΡΑ ΝΑ PERONU",
                "STRANA": "D",
                "UDALJENOST_OD_OSI": 2.31,
                "PRUGA": "M606"
            },
            "geometry": {
                "type": "Point",
                "coordinates": [
                    15.495534,
                    44.069534
                ]
            }
        },
        {
            "type": "Feature",
            "properties": {
                "TOCKA": "P150",
                "STACIONAZA": 69133.32,
                "EHTRS96TM": 419318.301,
                "NHTRS96TM": 4881673.503,
                "H": 130.136,
                "STABILIZACIJA": "KAPA",
                "STRANA": "D",
                "UDALJENOST_OD_OSI": 2.29,
                "PRUGA": "M606"
            },
            "geometry": {
                "type": "Point",
                "coordinates": [
                    15.492777,
                    44.070613
                ]
            }
        },
        {
            "type": "Feature",
            "properties": {
                "TOCKA": "P151",
                "STACIONAZA": 69469.61,
                "EHTRS96TM": 419007.541,
                "NHTRS96TM": 4881802.39,
                "H": 127.951,
                "STABILIZACIJA": "KAPA",
                "STRANA": "L",
                "UDALJENOST_OD_OSI": -2.47,
                "PRUGA": "M606"
            },
            "geometry": {
                "type": "Point",
                "coordinates": [
                    15.488879,
                    44.071739
                ]
            }
        },
        {
            "type": "Feature",
            "properties": {
                "TOCKA": "P152",
                "STACIONAZA": 69630.53,
                "EHTRS96TM": 418869.936,
                "NHTRS96TM": 4881886.086,
                "H": 127.03,
                "STABILIZACIJA": "KAPA",
                "STRANA": "L",
                "UDALJENOST_OD_OSI": -2.33,
                "PRUGA": "M606"
            },
            "geometry": {
                "type": "Point",
                "coordinates": [
                    15.487148,
                    44.072477
                ]
            }
        },
        {
            "type": "Feature",
            "properties": {
                "TOCKA": "P153",
                "STACIONAZA": 69886.62,
                "EHTRS96TM": 418671.095,
                "NHTRS96TM": 4882047.718,
                "H": 124.998,
                "STABILIZACIJA": "ΚΑΡΑ",
                "STRANA": "D",
                "UDALJENOST_OD_OSI": 2.73,
                "PRUGA": "M606"
            },
            "geometry": {
                "type": "Point",
                "coordinates": [
                    15.484641,
                    44.073909
                ]
            }
        },
        {
            "type": "Feature",
            "properties": {
                "TOCKA": "P154",
                "STACIONAZA": 70161.71,
                "EHTRS96TM": 418431.965,
                "NHTRS96TM": 4882183.932,
                "H": 122.745,
                "STABILIZACIJA": "KAPA",
                "STRANA": "L",
                "UDALJENOST_OD_OSI": -2.74,
                "PRUGA": "M606"
            },
            "geometry": {
                "type": "Point",
                "coordinates": [
                    15.481635,
                    44.075108
                ]
            }
        },
        {
            "type": "Feature",
            "properties": {
                "TOCKA": "P155",
                "STACIONAZA": 70382.73,
                "EHTRS96TM": 418246.256,
                "NHTRS96TM": 4882303.915,
                "H": 121.426,
                "STABILIZACIJA": "KAPA",
                "STRANA": "L",
                "UDALJENOST_OD_OSI": -2.29,
                "PRUGA": "M606"
            },
            "geometry": {
                "type": "Point",
                "coordinates": [
                    15.479299,
                    44.076167
                ]
            }
        },
        {
            "type": "Feature",
            "properties": {
                "TOCKA": "P156",
                "STACIONAZA": 70604.43,
                "EHTRS96TM": 418083.644,
                "NHTRS96TM": 4882455.009,
                "H": 120.01,
                "STABILIZACIJA": "KAPA",
                "STRANA": "D",
                "UDALJENOST_OD_OSI": 2.53,
                "PRUGA": "M606"
            },
            "geometry": {
                "type": "Point",
                "coordinates": [
                    15.477245,
                    44.077509
                ]
            }
        },
        {
            "type": "Feature",
            "properties": {
                "TOCKA": "P157",
                "STACIONAZA": 70763.74,
                "EHTRS96TM": 417935.594,
                "NHTRS96TM": 4882513.953,
                "H": 118.835,
                "STABILIZACIJA": "KAPA",
                "STRANA": "D",
                "UDALJENOST_OD_OSI": 3.81,
                "PRUGA": "M606"
            },
            "geometry": {
                "type": "Point",
                "coordinates": [
                    15.475388,
                    44.078023
                ]
            }
        },
        {
            "type": "Feature",
            "properties": {
                "TOCKA": "P158",
                "STACIONAZA": 70979.02,
                "EHTRS96TM": 417720.175,
                "NHTRS96TM": 4882527.16,
                "H": 117.6,
                "STABILIZACIJA": "KAPA",
                "STRANA": "L",
                "UDALJENOST_OD_OSI": -3.37,
                "PRUGA": "M606"
            },
            "geometry": {
                "type": "Point",
                "coordinates": [
                    15.472697,
                    44.078118
                ]
            }
        },
        {
            "type": "Feature",
            "properties": {
                "TOCKA": "P159",
                "STACIONAZA": 71124.7,
                "EHTRS96TM": 417588.235,
                "NHTRS96TM": 4882589.292,
                "H": 116.643,
                "STABILIZACIJA": "KAPA",
                "STRANA": "L",
                "UDALJENOST_OD_OSI": -2.46,
                "PRUGA": "M606"
            },
            "geometry": {
                "type": "Point",
                "coordinates": [
                    15.47104,
                    44.078662
                ]
            }
        },
        {
            "type": "Feature",
            "properties": {
                "TOCKA": "P160",
                "STACIONAZA": 71250.34,
                "EHTRS96TM": 417496.828,
                "NHTRS96TM": 4882675.872,
                "H": 116.243,
                "STABILIZACIJA": "KAPA NA ŽCP-U",
                "STRANA": "L",
                "UDALJENOST_OD_OSI": -2.85,
                "PRUGA": "M606"
            },
            "geometry": {
                "type": "Point",
                "coordinates": [
                    15.469885,
                    44.079431
                ]
            }
        },
        {
            "type": "Feature",
            "properties": {
                "TOCKA": "P161",
                "STACIONAZA": 71424.95,
                "EHTRS96TM": 417384.467,
                "NHTRS96TM": 4882809.73,
                "H": 114.759,
                "STABILIZACIJA": "KAPA",
                "STRANA": "L",
                "UDALJENOST_OD_OSI": -2.24,
                "PRUGA": "M606"
            },
            "geometry": {
                "type": "Point",
                "coordinates": [
                    15.468462,
                    44.080623
                ]
            }
        },
        {
            "type": "Feature",
            "properties": {
                "TOCKA": "P162",
                "STACIONAZA": 71630.7,
                "EHTRS96TM": 417270.291,
                "NHTRS96TM": 4882981.826,
                "H": 113.6,
                "STABILIZACIJA": "KAPA",
                "STRANA": "D",
                "UDALJENOST_OD_OSI": 6.23,
                "PRUGA": "M606"
            },
            "geometry": {
                "type": "Point",
                "coordinates": [
                    15.467009,
                    44.082159
                ]
            }
        },
        {
            "type": "Feature",
            "properties": {
                "TOCKA": "P163",
                "STACIONAZA": 71785.06,
                "EHTRS96TM": 417137.65,
                "NHTRS96TM": 4883063.823,
                "H": 112.113,
                "STABILIZACIJA": "KAPA",
                "STRANA": "D",
                "UDALJENOST_OD_OSI": 6.71,
                "PRUGA": "M606"
            },
            "geometry": {
                "type": "Point",
                "coordinates": [
                    15.465341,
                    44.082882
                ]
            }
        },
        {
            "type": "Feature",
            "properties": {
                "TOCKA": "P164",
                "STACIONAZA": 72107.94,
                "EHTRS96TM": 416815.873,
                "NHTRS96TM": 4883100.969,
                "H": 110.412,
                "STABILIZACIJA": "KAPA",
                "STRANA": "L",
                "UDALJENOST_OD_OSI": -3.22,
                "PRUGA": "M606"
            },
            "geometry": {
                "type": "Point",
                "coordinates": [
                    15.461318,
                    44.083179
                ]
            }
        },
        {
            "type": "Feature",
            "properties": {
                "TOCKA": "P165",
                "STACIONAZA": 72195.67,
                "EHTRS96TM": 416736.424,
                "NHTRS96TM": 4883139.613,
                "H": 109.941,
                "STABILIZACIJA": "KAPA",
                "STRANA": "L",
                "UDALJENOST_OD_OSI": -3.14,
                "PRUGA": "M606"
            },
            "geometry": {
                "type": "Point",
                "coordinates": [
                    15.46032,
                    44.083518
                ]
            }
        },
        {
            "type": "Feature",
            "properties": {
                "TOCKA": "P166",
                "STACIONAZA": 72347.81,
                "EHTRS96TM": 416629.675,
                "NHTRS96TM": 4883248.405,
                "H": 109.565,
                "STABILIZACIJA": "BOLCNA NA ŽCP-U",
                "STRANA": "L",
                "UDALJENOST_OD_OSI": -3.02,
                "PRUGA": "M606"
            },
            "geometry": {
                "type": "Point",
                "coordinates": [
                    15.45897,
                    44.084485
                ]
            }
        },
        {
            "type": "Feature",
            "properties": {
                "TOCKA": "P167",
                "STACIONAZA": 72652.36,
                "EHTRS96TM": 416440.434,
                "NHTRS96TM": 4883487.096,
                "H": 109.146,
                "STABILIZACIJA": "BOLCNA NA PERONU",
                "STRANA": "D",
                "UDALJENOST_OD_OSI": 3.12,
                "PRUGA": "M606"
            },
            "geometry": {
                "type": "Point",
                "coordinates": [
                    15.456569,
                    44.086612
                ]
            }
        },
        {
            "type": "Feature",
            "properties": {
                "TOCKA": "P168",
                "STACIONAZA": 72852.84,
                "EHTRS96TM": 416308.848,
                "NHTRS96TM": 4883638.581,
                "H": 108.726,
                "STABILIZACIJA": "BOLCNA NA PERONU",
                "STRANA": "D",
                "UDALJENOST_OD_OSI": 3.2,
                "PRUGA": "M606"
            },
            "geometry": {
                "type": "Point",
                "coordinates": [
                    15.454902,
                    44.08796
                ]
            }
        },
        {
            "type": "Feature",
            "properties": {
                "TOCKA": "P169",
                "STACIONAZA": 73160.18,
                "EHTRS96TM": 416089.115,
                "NHTRS96TM": 4883853.602,
                "H": 107.463,
                "STABILIZACIJA": "KAPA",
                "STRANA": "D",
                "UDALJENOST_OD_OSI": 2.39,
                "PRUGA": "M606"
            },
            "geometry": {
                "type": "Point",
                "coordinates": [
                    15.452125,
                    44.08987
                ]
            }
        },
        {
            "type": "Feature",
            "properties": {
                "TOCKA": "P170",
                "STACIONAZA": 73353.17,
                "EHTRS96TM": 415936.473,
                "NHTRS96TM": 4883972.269,
                "H": 106.808,
                "STABILIZACIJA": "BOLCNA NA ŽCP-U",
                "STRANA": "D",
                "UDALJENOST_OD_OSI": 5.08,
                "PRUGA": "M606"
            },
            "geometry": {
                "type": "Point",
                "coordinates": [
                    15.4502,
                    44.09092
                ]
            }
        },
        {
            "type": "Feature",
            "properties": {
                "TOCKA": "P171",
                "STACIONAZA": 73574.28,
                "EHTRS96TM": 415721.557,
                "NHTRS96TM": 4884024.146,
                "H": 104.98,
                "STABILIZACIJA": "KAPA",
                "STRANA": "D",
                "UDALJENOST_OD_OSI": 2.94,
                "PRUGA": "M606"
            },
            "geometry": {
                "type": "Point",
                "coordinates": [
                    15.447508,
                    44.091362
                ]
            }
        },
        {
            "type": "Feature",
            "properties": {
                "TOCKA": "P172",
                "STACIONAZA": 73782.25,
                "EHTRS96TM": 415515.765,
                "NHTRS96TM": 4883991.794,
                "H": 104.918,
                "STABILIZACIJA": "KAPA",
                "STRANA": "D",
                "UDALJENOST_OD_OSI": 6.43,
                "PRUGA": "M606"
            },
            "geometry": {
                "type": "Point",
                "coordinates": [
                    15.444944,
                    44.091047
                ]
            }
        },
        {
            "type": "Feature",
            "properties": {
                "TOCKA": "P173",
                "STACIONAZA": 74084.81,
                "EHTRS96TM": 415229.134,
                "NHTRS96TM": 4883893.956,
                "H": 101.754,
                "STABILIZACIJA": "KAPA NA ŽCP-U",
                "STRANA": "L",
                "UDALJENOST_OD_OSI": -5.64,
                "PRUGA": "M606"
            },
            "geometry": {
                "type": "Point",
                "coordinates": [
                    15.441381,
                    44.090134
                ]
            }
        },
        {
            "type": "Feature",
            "properties": {
                "TOCKA": "P174",
                "STACIONAZA": 74460.66,
                "EHTRS96TM": 414855.889,
                "NHTRS96TM": 4883846.451,
                "H": 98.773,
                "STABILIZACIJA": "KAPA",
                "STRANA": "L",
                "UDALJENOST_OD_OSI": -6.17,
                "PRUGA": "M606"
            },
            "geometry": {
                "type": "Point",
                "coordinates": [
                    15.436728,
                    44.089663
                ]
            }
        },
        {
            "type": "Feature",
            "properties": {
                "TOCKA": "P175",
                "STACIONAZA": 74760.33,
                "EHTRS96TM": 414557.16,
                "NHTRS96TM": 4883818.395,
                "H": 96.896,
                "STABILIZACIJA": "KAPA",
                "STRANA": "D",
                "UDALJENOST_OD_OSI": 6.94,
                "PRUGA": "M606"
            },
            "geometry": {
                "type": "Point",
                "coordinates": [
                    15.433003,
                    44.089376
                ]
            }
        },
        {
            "type": "Feature",
            "properties": {
                "TOCKA": "P176",
                "STACIONAZA": 74968.96,
                "EHTRS96TM": 414354.296,
                "NHTRS96TM": 4883768.154,
                "H": 96.164,
                "STABILIZACIJA": "KAPA",
                "STRANA": "D",
                "UDALJENOST_OD_OSI": 7.39,
                "PRUGA": "M606"
            },
            "geometry": {
                "type": "Point",
                "coordinates": [
                    15.430478,
                    44.0889
                ]
            }
        },
        {
            "type": "Feature",
            "properties": {
                "TOCKA": "P177",
                "STACIONAZA": 75218.29,
                "EHTRS96TM": 414115.962,
                "NHTRS96TM": 4883694.237,
                "H": 92.114,
                "STABILIZACIJA": "KAPA",
                "STRANA": "L",
                "UDALJENOST_OD_OSI": -2.54,
                "PRUGA": "M606"
            },
            "geometry": {
                "type": "Point",
                "coordinates": [
                    15.427514,
                    44.088207
                ]
            }
        },
        {
            "type": "Feature",
            "properties": {
                "TOCKA": "P178",
                "STACIONAZA": 75506.49,
                "EHTRS96TM": 413836.526,
                "NHTRS96TM": 4883623.278,
                "H": 89.448,
                "STABILIZACIJA": "KAPA",
                "STRANA": "L",
                "UDALJENOST_OD_OSI": -2.35,
                "PRUGA": "M606"
            },
            "geometry": {
                "type": "Point",
                "coordinates": [
                    15.424037,
                    44.087535
                ]
            }
        },
        {
            "type": "Feature",
            "properties": {
                "TOCKA": "P179",
                "STACIONAZA": 75740.82,
                "EHTRS96TM": 413603.681,
                "NHTRS96TM": 4883595.816,
                "H": 87.62,
                "STABILIZACIJA": "KAPA",
                "STRANA": "L",
                "UDALJENOST_OD_OSI": -2.51,
                "PRUGA": "M606"
            },
            "geometry": {
                "type": "Point",
                "coordinates": [
                    15.421134,
                    44.087261
                ]
            }
        },
        {
            "type": "Feature",
            "properties": {
                "TOCKA": "P180",
                "STACIONAZA": 75948.15,
                "EHTRS96TM": 413396.259,
                "NHTRS96TM": 4883594.085,
                "H": 86.541,
                "STABILIZACIJA": "BOLCNA NA ŽCP-U",
                "STRANA": "D",
                "UDALJENOST_OD_OSI": 3.39,
                "PRUGA": "M606"
            },
            "geometry": {
                "type": "Point",
                "coordinates": [
                    15.418545,
                    44.087221
                ]
            }
        },
        {
            "type": "Feature",
            "properties": {
                "TOCKA": "P181",
                "STACIONAZA": 76259.94,
                "EHTRS96TM": 413084.718,
                "NHTRS96TM": 4883581.651,
                "H": 83.352,
                "STABILIZACIJA": "KAPA",
                "STRANA": "D",
                "UDALJENOST_OD_OSI": 2.25,
                "PRUGA": "M606"
            },
            "geometry": {
                "type": "Point",
                "coordinates": [
                    15.414657,
                    44.087072
                ]
            }
        },
        {
            "type": "Feature",
            "properties": {
                "TOCKA": "P182",
                "STACIONAZA": 76519.56,
                "EHTRS96TM": 412826.168,
                "NHTRS96TM": 4883557.434,
                "H": 81.486,
                "STABILIZACIJA": "KAPA",
                "STRANA": "D",
                "UDALJENOST_OD_OSI": 2.26,
                "PRUGA": "M606"
            },
            "geometry": {
                "type": "Point",
                "coordinates": [
                    15.411433,
                    44.086823
                ]
            }
        },
        {
            "type": "Feature",
            "properties": {
                "TOCKA": "P183",
                "STACIONAZA": 76766.33,
                "EHTRS96TM": 412587.306,
                "NHTRS96TM": 4883495.099,
                "H": 79.286,
                "STABILIZACIJA": "KAPA",
                "STRANA": "D",
                "UDALJENOST_OD_OSI": 2.45,
                "PRUGA": "M606"
            },
            "geometry": {
                "type": "Point",
                "coordinates": [
                    15.408461,
                    44.086234
                ]
            }
        },
        {
            "type": "Feature",
            "properties": {
                "TOCKA": "P184",
                "STACIONAZA": 77007.66,
                "EHTRS96TM": 412360.042,
                "NHTRS96TM": 4883413.773,
                "H": 77.495,
                "STABILIZACIJA": "KAPA",
                "STRANA": "L",
                "UDALJENOST_OD_OSI": -2.39,
                "PRUGA": "M606"
            },
            "geometry": {
                "type": "Point",
                "coordinates": [
                    15.405637,
                    44.085475
                ]
            }
        },
        {
            "type": "Feature",
            "properties": {
                "TOCKA": "P185",
                "STACIONAZA": 77267.69,
                "EHTRS96TM": 412111.793,
                "NHTRS96TM": 4883336.199,
                "H": 75.371,
                "STABILIZACIJA": "KAPA",
                "STRANA": "D",
                "UDALJENOST_OD_OSI": 3,
                "PRUGA": "M606"
            },
            "geometry": {
                "type": "Point",
                "coordinates": [
                    15.402551,
                    44.084747
                ]
            }
        },
        {
            "type": "Feature",
            "properties": {
                "TOCKA": "P186",
                "STACIONAZA": 77518.33,
                "EHTRS96TM": 411875.834,
                "NHTRS96TM": 4883251.265,
                "H": 73.439,
                "STABILIZACIJA": "KAPA",
                "STRANA": "D",
                "UDALJENOST_OD_OSI": 2.7,
                "PRUGA": "M606"
            },
            "geometry": {
                "type": "Point",
                "coordinates": [
                    15.399619,
                    44.083955
                ]
            }
        },
        {
            "type": "Feature",
            "properties": {
                "TOCKA": "P187",
                "STACIONAZA": 77758.25,
                "EHTRS96TM": 411663.652,
                "NHTRS96TM": 4883138.933,
                "H": 71.538,
                "STABILIZACIJA": "KAPA",
                "STRANA": "D",
                "UDALJENOST_OD_OSI": 2.53,
                "PRUGA": "M606"
            },
            "geometry": {
                "type": "Point",
                "coordinates": [
                    15.396989,
                    44.082918
                ]
            }
        },
        {
            "type": "Feature",
            "properties": {
                "TOCKA": "P188N",
                "STACIONAZA": 78014.91,
                "EHTRS96TM": 411457.356,
                "NHTRS96TM": 4882985.548,
                "H": 70.403,
                "STABILIZACIJA": "KAPA",
                "STRANA": "D",
                "UDALJENOST_OD_OSI": 5.7,
                "PRUGA": "M606"
            },
            "geometry": {
                "type": "Point",
                "coordinates": [
                    15.394439,
                    44.081513
                ]
            }
        },
        {
            "type": "Feature",
            "properties": {
                "TOCKA": "P189",
                "STACIONAZA": 78331.63,
                "EHTRS96TM": 411243.637,
                "NHTRS96TM": 4882751.334,
                "H": 66.87,
                "STABILIZACIJA": "KAPA",
                "STRANA": "D",
                "UDALJENOST_OD_OSI": 2.54,
                "PRUGA": "M606"
            },
            "geometry": {
                "type": "Point",
                "coordinates": [
                    15.391811,
                    44.079379
                ]
            }
        },
        {
            "type": "Feature",
            "properties": {
                "TOCKA": "P190G",
                "STACIONAZA": 78665.63,
                "EHTRS96TM": 411029.571,
                "NHTRS96TM": 4882494.858,
                "H": 65.003,
                "STABILIZACIJA": "GPS TOČKA",
                "STRANA": "L",
                "UDALJENOST_OD_OSI": -4.67,
                "PRUGA": "M606"
            },
            "geometry": {
                "type": "Point",
                "coordinates": [
                    15.389182,
                    44.077045
                ]
            }
        },
        {
            "type": "Feature",
            "properties": {
                "TOCKA": "P191N",
                "STACIONAZA": 78945.54,
                "EHTRS96TM": 410844.159,
                "NHTRS96TM": 4882285.15,
                "H": 62.05,
                "STABILIZACIJA": "KAPA",
                "STRANA": "L",
                "UDALJENOST_OD_OSI": -2.75,
                "PRUGA": "M606"
            },
            "geometry": {
                "type": "Point",
                "coordinates": [
                    15.386903,
                    44.075136
                ]
            }
        },
        {
            "type": "Feature",
            "properties": {
                "TOCKA": "P192",
                "STACIONAZA": 79307.13,
                "EHTRS96TM": 410602.054,
                "NHTRS96TM": 4882016.507,
                "H": 59.658,
                "STABILIZACIJA": "KAPA",
                "STRANA": "D",
                "UDALJENOST_OD_OSI": 3.18,
                "PRUGA": "M606"
            },
            "geometry": {
                "type": "Point",
                "coordinates": [
                    15.383926,
                    44.072689
                ]
            }
        },
        {
            "type": "Feature",
            "properties": {
                "TOCKA": "P193N",
                "STACIONAZA": 79609.72,
                "EHTRS96TM": 410408.472,
                "NHTRS96TM": 4881783.834,
                "H": 59.292,
                "STABILIZACIJA": "TIPLA",
                "STRANA": "L",
                "UDALJENOST_OD_OSI": -3.83,
                "PRUGA": "M606"
            },
            "geometry": {
                "type": "Point",
                "coordinates": [
                    15.381549,
                    44.070571
                ]
            }
        },
        {
            "type": "Feature",
            "properties": {
                "TOCKA": "P194",
                "STACIONAZA": 79963.07,
                "EHTRS96TM": 410170.812,
                "NHTRS96TM": 4881522.253,
                "H": 57.448,
                "STABILIZACIJA": "KAPA",
                "STRANA": "D",
                "UDALJENOST_OD_OSI": 3.38,
                "PRUGA": "M606"
            },
            "geometry": {
                "type": "Point",
                "coordinates": [
                    15.378627,
                    44.068188
                ]
            }
        },
        {
            "type": "Feature",
            "properties": {
                "TOCKA": "P195",
                "STACIONAZA": 80157.14,
                "EHTRS96TM": 410052.324,
                "NHTRS96TM": 4881368.315,
                "H": 57.253,
                "STABILIZACIJA": "KAPA",
                "STRANA": "D",
                "UDALJENOST_OD_OSI": 2.69,
                "PRUGA": "M606"
            },
            "geometry": {
                "type": "Point",
                "coordinates": [
                    15.377174,
                    44.066788
                ]
            }
        },
        {
            "type": "Feature",
            "properties": {
                "TOCKA": "P196",
                "STACIONAZA": 80410.56,
                "EHTRS96TM": 409971.426,
                "NHTRS96TM": 4881128.146,
                "H": 57.036,
                "STABILIZACIJA": "GPS TOČKA",
                "STRANA": "D",
                "UDALJENOST_OD_OSI": 2.52,
                "PRUGA": "M606"
            },
            "geometry": {
                "type": "Point",
                "coordinates": [
                    15.376206,
                    44.064617
                ]
            }
        },
        {
            "type": "Feature",
            "properties": {
                "TOCKA": "P197N",
                "STACIONAZA": 80767.59,
                "EHTRS96TM": 409879.285,
                "NHTRS96TM": 4880783.167,
                "H": 55.827,
                "STABILIZACIJA": "KAPA",
                "STRANA": "L",
                "UDALJENOST_OD_OSI": -2.98,
                "PRUGA": "M606"
            },
            "geometry": {
                "type": "Point",
                "coordinates": [
                    15.375115,
                    44.061501
                ]
            }
        },
        {
            "type": "Feature",
            "properties": {
                "TOCKA": "P198",
                "STACIONAZA": 81007.48,
                "EHTRS96TM": 409814.521,
                "NHTRS96TM": 4880551.829,
                "H": 56.714,
                "STABILIZACIJA": "ΚΑΡΑ",
                "STRANA": "L",
                "UDALJENOST_OD_OSI": -5.61,
                "PRUGA": "M606"
            },
            "geometry": {
                "type": "Point",
                "coordinates": [
                    15.374346,
                    44.059412
                ]
            }
        },
        {
            "type": "Feature",
            "properties": {
                "TOCKA": "P199",
                "STACIONAZA": 81140.29,
                "EHTRS96TM": 409750.884,
                "NHTRS96TM": 4880434.259,
                "H": 56.202,
                "STABILIZACIJA": "TIPLA",
                "STRANA": "L",
                "UDALJENOST_OD_OSI": -3.81,
                "PRUGA": "M606"
            },
            "geometry": {
                "type": "Point",
                "coordinates": [
                    15.373572,
                    44.058346
                ]
            }
        },
        {
            "type": "Feature",
            "properties": {
                "TOCKA": "P200",
                "STACIONAZA": 81276.72,
                "EHTRS96TM": 409653.582,
                "NHTRS96TM": 4880337.999,
                "H": 56.423,
                "STABILIZACIJA": "KAPA",
                "STRANA": "L",
                "UDALJENOST_OD_OSI": -2.49,
                "PRUGA": "M606"
            },
            "geometry": {
                "type": "Point",
                "coordinates": [
                    15.372374,
                    44.057468
                ]
            }
        },
        {
            "type": "Feature",
            "properties": {
                "TOCKA": "P201",
                "STACIONAZA": 81435,
                "EHTRS96TM": 409511.854,
                "NHTRS96TM": 4880267.413,
                "H": 56.202,
                "STABILIZACIJA": "KAPA",
                "STRANA": "L",
                "UDALJENOST_OD_OSI": -2.49,
                "PRUGA": "M606"
            },
            "geometry": {
                "type": "Point",
                "coordinates": [
                    15.370617,
                    44.056815
                ]
            }
        },
        {
            "type": "Feature",
            "properties": {
                "TOCKA": "P202",
                "STACIONAZA": 81720.65,
                "EHTRS96TM": 409230.765,
                "NHTRS96TM": 4880215.619,
                "H": 54.381,
                "STABILIZACIJA": "TIPLA",
                "STRANA": "D",
                "UDALJENOST_OD_OSI": 3.42,
                "PRUGA": "M606"
            },
            "geometry": {
                "type": "Point",
                "coordinates": [
                    15.367119,
                    44.056314
                ]
            }
        },
        {
            "type": "Feature",
            "properties": {
                "TOCKA": "P203",
                "STACIONAZA": 82003.66,
                "EHTRS96TM": 408954.127,
                "NHTRS96TM": 4880155.597,
                "H": 53.145,
                "STABILIZACIJA": "KAPA",
                "STRANA": "L",
                "UDALJENOST_OD_OSI": -2.38,
                "PRUGA": "M606"
            },
            "geometry": {
                "type": "Point",
                "coordinates": [
                    15.363677,
                    44.05574
                ]
            }
        },
        {
            "type": "Feature",
            "properties": {
                "TOCKA": "P204",
                "STACIONAZA": 82304.42,
                "EHTRS96TM": 408658.065,
                "NHTRS96TM": 4880102.489,
                "H": 51.488,
                "STABILIZACIJA": "KAPA",
                "STRANA": "D",
                "UDALJENOST_OD_OSI": 2.32,
                "PRUGA": "M606"
            },
            "geometry": {
                "type": "Point",
                "coordinates": [
                    15.359992,
                    44.055225
                ]
            }
        },
        {
            "type": "Feature",
            "properties": {
                "TOCKA": "P205",
                "STACIONAZA": 82609.98,
                "EHTRS96TM": 408359.113,
                "NHTRS96TM": 4880039.091,
                "H": 49.669,
                "STABILIZACIJA": "KAPA",
                "STRANA": "L",
                "UDALJENOST_OD_OSI": -2.52,
                "PRUGA": "M606"
            },
            "geometry": {
                "type": "Point",
                "coordinates": [
                    15.356272,
                    44.054617
                ]
            }
        },
        {
            "type": "Feature",
            "properties": {
                "TOCKA": "P206",
                "STACIONAZA": 82916.74,
                "EHTRS96TM": 408057.079,
                "NHTRS96TM": 4879985.182,
                "H": 47.741,
                "STABILIZACIJA": "KAPA",
                "STRANA": "D",
                "UDALJENOST_OD_OSI": 2.55,
                "PRUGA": "M606"
            },
            "geometry": {
                "type": "Point",
                "coordinates": [
                    15.352513,
                    44.054094
                ]
            }
        },
        {
            "type": "Feature",
            "properties": {
                "TOCKA": "P207",
                "STACIONAZA": 83078.79,
                "EHTRS96TM": 407898.995,
                "NHTRS96TM": 4879948.663,
                "H": 46.961,
                "STABILIZACIJA": "KAPA",
                "STRANA": "D",
                "UDALJENOST_OD_OSI": 2.54,
                "PRUGA": "M606"
            },
            "geometry": {
                "type": "Point",
                "coordinates": [
                    15.350547,
                    44.053746
                ]
            }
        },
        {
            "type": "Feature",
            "properties": {
                "TOCKA": "P208",
                "STACIONAZA": 83218.66,
                "EHTRS96TM": 407771.281,
                "NHTRS96TM": 4879890.51,
                "H": 45.722,
                "STABILIZACIJA": "TIPLA",
                "STRANA": "D",
                "UDALJENOST_OD_OSI": 4.11,
                "PRUGA": "M606"
            },
            "geometry": {
                "type": "Point",
                "coordinates": [
                    15.348963,
                    44.053206
                ]
            }
        },
        {
            "type": "Feature",
            "properties": {
                "TOCKA": "P209",
                "STACIONAZA": 83449.01,
                "EHTRS96TM": 407593.996,
                "NHTRS96TM": 4879742.942,
                "H": 45.041,
                "STABILIZACIJA": "KAPA",
                "STRANA": "D",
                "UDALJENOST_OD_OSI": 2.46,
                "PRUGA": "M606"
            },
            "geometry": {
                "type": "Point",
                "coordinates": [
                    15.346777,
                    44.051856
                ]
            }
        },
        {
            "type": "Feature",
            "properties": {
                "TOCKA": "P210",
                "STACIONAZA": 83668.9,
                "EHTRS96TM": 407426.147,
                "NHTRS96TM": 4879601.084,
                "H": 43.238,
                "STABILIZACIJA": "KAPA",
                "STRANA": "L",
                "UDALJENOST_OD_OSI": -2.5,
                "PRUGA": "M606"
            },
            "geometry": {
                "type": "Point",
                "coordinates": [
                    15.344707,
                    44.050558
                ]
            }
        },
        {
            "type": "Feature",
            "properties": {
                "TOCKA": "P211",
                "STACIONAZA": 83875.19,
                "EHTRS96TM": 407229.097,
                "NHTRS96TM": 4879541.387,
                "H": 41.694,
                "STABILIZACIJA": "KAPA",
                "STRANA": "L",
                "UDALJENOST_OD_OSI": -3.71,
                "PRUGA": "M606"
            },
            "geometry": {
                "type": "Point",
                "coordinates": [
                    15.342259,
                    44.049996
                ]
            }
        },
        {
            "type": "Feature",
            "properties": {
                "TOCKA": "P212N",
                "STACIONAZA": 84110.29,
                "EHTRS96TM": 406993.856,
                "NHTRS96TM": 4879537.221,
                "H": 39.827,
                "STABILIZACIJA": "KAPA",
                "STRANA": "L",
                "UDALJENOST_OD_OSI": -3.27,
                "PRUGA": "M606"
            },
            "geometry": {
                "type": "Point",
                "coordinates": [
                    15.339325,
                    44.049929
                ]
            }
        },
        {
            "type": "Feature",
            "properties": {
                "TOCKA": "P213",
                "STACIONAZA": 84321.47,
                "EHTRS96TM": 406782.344,
                "NHTRS96TM": 4879541.351,
                "H": 38.288,
                "STABILIZACIJA": "KAPA",
                "STRANA": "L",
                "UDALJENOST_OD_OSI": -3.73,
                "PRUGA": "M606"
            },
            "geometry": {
                "type": "Point",
                "coordinates": [
                    15.336685,
                    44.049939
                ]
            }
        },
        {
            "type": "Feature",
            "properties": {
                "TOCKA": "HZ1",
                "STACIONAZA": 84475.12,
                "EHTRS96TM": 406638.063,
                "NHTRS96TM": 4879594.989,
                "H": 37.294,
                "STABILIZACIJA": "KAPA",
                "STRANA": "L",
                "UDALJENOST_OD_OSI": -2.67,
                "PRUGA": "M606"
            },
            "geometry": {
                "type": "Point",
                "coordinates": [
                    15.334876,
                    44.050404
                ]
            }
        },
        {
            "type": "Feature",
            "properties": {
                "TOCKA": "HZ2",
                "STACIONAZA": 84762.64,
                "EHTRS96TM": 406382.176,
                "NHTRS96TM": 4879723.856,
                "H": 35.398,
                "STABILIZACIJA": "KAPA",
                "STRANA": "D",
                "UDALJENOST_OD_OSI": 3.39,
                "PRUGA": "M606"
            },
            "geometry": {
                "type": "Point",
                "coordinates": [
                    15.33166,
                    44.051531
                ]
            }
        },
        {
            "type": "Feature",
            "properties": {
                "TOCKA": "P401",
                "STACIONAZA": 84921.35,
                "EHTRS96TM": 406223.07,
                "NHTRS96TM": 4879722.216,
                "H": 34.627,
                "STABILIZACIJA": "ΚΑΡΑ",
                "STRANA": "D",
                "UDALJENOST_OD_OSI": 4,
                "PRUGA": "M606"
            },
            "geometry": {
                "type": "Point",
                "coordinates": [
                    15.329675,
                    44.051496
                ]
            }
        },
        {
            "type": "Feature",
            "properties": {
                "TOCKA": "P402",
                "STACIONAZA": 85166.81,
                "EHTRS96TM": 405986.011,
                "NHTRS96TM": 4879654.543,
                "H": 34.362,
                "STABILIZACIJA": "KAPA",
                "STRANA": "L",
                "UDALJENOST_OD_OSI": -7.04,
                "PRUGA": "M606"
            },
            "geometry": {
                "type": "Point",
                "coordinates": [
                    15.326729,
                    44.050856
                ]
            }
        },
        {
            "type": "Feature",
            "properties": {
                "TOCKA": "P403",
                "STACIONAZA": 85314.15,
                "EHTRS96TM": 405839.265,
                "NHTRS96TM": 4879675.903,
                "H": 32.148,
                "STABILIZACIJA": "KAPA",
                "STRANA": "L",
                "UDALJENOST_OD_OSI": -2.32,
                "PRUGA": "M606"
            },
            "geometry": {
                "type": "Point",
                "coordinates": [
                    15.324894,
                    44.05103
                ]
            }
        },
        {
            "type": "Feature",
            "properties": {
                "TOCKA": "P404",
                "STACIONAZA": 85518.34,
                "EHTRS96TM": 405656.223,
                "NHTRS96TM": 4879766.575,
                "H": 30.666,
                "STABILIZACIJA": "GPS TOČKA",
                "STRANA": "L",
                "UDALJENOST_OD_OSI": -2.66,
                "PRUGA": "M606"
            },
            "geometry": {
                "type": "Point",
                "coordinates": [
                    15.322594,
                    44.051822
                ]
            }
        },
        {
            "type": "Feature",
            "properties": {
                "TOCKA": "P405",
                "STACIONAZA": 85864.97,
                "EHTRS96TM": 405354.575,
                "NHTRS96TM": 4879937.663,
                "H": 27.698,
                "STABILIZACIJA": "KAPA",
                "STRANA": "L",
                "UDALJENOST_OD_OSI": -3.64,
                "PRUGA": "M606"
            },
            "geometry": {
                "type": "Point",
                "coordinates": [
                    15.3188,
                    44.053323
                ]
            }
        },
        {
            "type": "Feature",
            "properties": {
                "TOCKA": "GPS",
                "STACIONAZA": 85938.19,
                "EHTRS96TM": 405294.537,
                "NHTRS96TM": 4879980.311,
                "H": 27.15,
                "STABILIZACIJA": "GPS TOČKA",
                "STRANA": "L",
                "UDALJENOST_OD_OSI": -4.11,
                "PRUGA": "M606"
            },
            "geometry": {
                "type": "Point",
                "coordinates": [
                    15.318043,
                    44.053699
                ]
            }
        },
        {
            "type": "Feature",
            "properties": {
                "TOCKA": "P406",
                "STACIONAZA": 86007.05,
                "EHTRS96TM": 405244.365,
                "NHTRS96TM": 4880027.988,
                "H": 27.136,
                "STABILIZACIJA": "TIPLA",
                "STRANA": "L",
                "UDALJENOST_OD_OSI": -2.7,
                "PRUGA": "M606"
            },
            "geometry": {
                "type": "Point",
                "coordinates": [
                    15.317409,
                    44.054122
                ]
            }
        },
        {
            "type": "Feature",
            "properties": {
                "TOCKA": "P407",
                "STACIONAZA": 86277.07,
                "EHTRS96TM": 405072.089,
                "NHTRS96TM": 4880236.289,
                "H": 25.771,
                "STABILIZACIJA": "KAPA",
                "STRANA": "D",
                "UDALJENOST_OD_OSI": 3.21,
                "PRUGA": "M606"
            },
            "geometry": {
                "type": "Point",
                "coordinates": [
                    15.315222,
                    44.055974
                ]
            }
        },
        {
            "type": "Feature",
            "properties": {
                "TOCKA": "P408",
                "STACIONAZA": 86516.83,
                "EHTRS96TM": 404893.235,
                "NHTRS96TM": 4880396.231,
                "H": 26.088,
                "STABILIZACIJA": "KAPA",
                "STRANA": "L",
                "UDALJENOST_OD_OSI": -2.52,
                "PRUGA": "M606"
            },
            "geometry": {
                "type": "Point",
                "coordinates": [
                    15.312961,
                    44.05739
                ]
            }
        },
        {
            "type": "Feature",
            "properties": {
                "TOCKA": "P409",
                "STACIONAZA": 86799.15,
                "EHTRS96TM": 404688.426,
                "NHTRS96TM": 4880590.658,
                "H": 25.044,
                "STABILIZACIJA": "TIPLA",
                "STRANA": "D",
                "UDALJENOST_OD_OSI": 4.06,
                "PRUGA": "M606"
            },
            "geometry": {
                "type": "Point",
                "coordinates": [
                    15.31037,
                    44.059113
                ]
            }
        },
        {
            "type": "Feature",
            "properties": {
                "TOCKA": "P410",
                "STACIONAZA": 87067.57,
                "EHTRS96TM": 404474.903,
                "NHTRS96TM": 4880753.683,
                "H": 24.148,
                "STABILIZACIJA": "TIPLA",
                "STRANA": "D",
                "UDALJENOST_OD_OSI": 5.49,
                "PRUGA": "M606"
            },
            "geometry": {
                "type": "Point",
                "coordinates": [
                    15.307677,
                    44.060552
                ]
            }
        },
        {
            "type": "Feature",
            "properties": {
                "TOCKA": "P411",
                "STACIONAZA": 87282.06,
                "EHTRS96TM": 404286.303,
                "NHTRS96TM": 4880857.155,
                "H": 22.416,
                "STABILIZACIJA": "KAPA",
                "STRANA": "D",
                "UDALJENOST_OD_OSI": 5.13,
                "PRUGA": "M606"
            },
            "geometry": {
                "type": "Point",
                "coordinates": [
                    15.305304,
                    44.061459
                ]
            }
        },
        {
            "type": "Feature",
            "properties": {
                "TOCKA": "P412",
                "STACIONAZA": 87593.99,
                "EHTRS96TM": 403975.51,
                "NHTRS96TM": 4880891.988,
                "H": 20.731,
                "STABILIZACIJA": "KAPA",
                "STRANA": "L",
                "UDALJENOST_OD_OSI": -4.55,
                "PRUGA": "M606"
            },
            "geometry": {
                "type": "Point",
                "coordinates": [
                    15.301419,
                    44.061731
                ]
            }
        },
        {
            "type": "Feature",
            "properties": {
                "TOCKA": "P413",
                "STACIONAZA": 87899.66,
                "EHTRS96TM": 403682.751,
                "NHTRS96TM": 4880981.129,
                "H": 18.671,
                "STABILIZACIJA": "KAPA",
                "STRANA": "L",
                "UDALJENOST_OD_OSI": -4.4,
                "PRUGA": "M606"
            },
            "geometry": {
                "type": "Point",
                "coordinates": [
                    15.29775,
                    44.062495
                ]
            }
        },
        {
            "type": "Feature",
            "properties": {
                "TOCKA": "P414",
                "STACIONAZA": 88137.51,
                "EHTRS96TM": 403462.767,
                "NHTRS96TM": 4881071.732,
                "H": 16.689,
                "STABILIZACIJA": "TIPLA",
                "STRANA": "L",
                "UDALJENOST_OD_OSI": -2.73,
                "PRUGA": "M606"
            },
            "geometry": {
                "type": "Point",
                "coordinates": [
                    15.294988,
                    44.063282
                ]
            }
        },
        {
            "type": "Feature",
            "properties": {
                "TOCKA": "P415",
                "STACIONAZA": 88297.54,
                "EHTRS96TM": 403337.116,
                "NHTRS96TM": 4881171.327,
                "H": 15.359,
                "STABILIZACIJA": "KAPA",
                "STRANA": "L",
                "UDALJENOST_OD_OSI": -3.48,
                "PRUGA": "M606"
            },
            "geometry": {
                "type": "Point",
                "coordinates": [
                    15.293402,
                    44.064161
                ]
            }
        },
        {
            "type": "Feature",
            "properties": {
                "TOCKA": "P416",
                "STACIONAZA": 88610.22,
                "EHTRS96TM": 403115.155,
                "NHTRS96TM": 4881391.592,
                "H": 13.143,
                "STABILIZACIJA": "BOLCNA",
                "STRANA": "L",
                "UDALJENOST_OD_OSI": -3.39,
                "PRUGA": "M606"
            },
            "geometry": {
                "type": "Point",
                "coordinates": [
                    15.290591,
                    44.066114
                ]
            }
        },
        {
            "type": "Feature",
            "properties": {
                "TOCKA": "P417",
                "STACIONAZA": 88878.38,
                "EHTRS96TM": 402925.36,
                "NHTRS96TM": 4881581.036,
                "H": 11.266,
                "STABILIZACIJA": "POLIGON",
                "STRANA": "L",
                "UDALJENOST_OD_OSI": -2.58,
                "PRUGA": "M606"
            },
            "geometry": {
                "type": "Point",
                "coordinates": [
                    15.288188,
                    44.067794
                ]
            }
        },
        {
            "type": "Feature",
            "properties": {
                "TOCKA": "P418",
                "STACIONAZA": 89247.28,
                "EHTRS96TM": 402666.445,
                "NHTRS96TM": 4881843.939,
                "H": 8.102,
                "STABILIZACIJA": "TIPLA",
                "STRANA": "L",
                "UDALJENOST_OD_OSI": -2.37,
                "PRUGA": "M606"
            },
            "geometry": {
                "type": "Point",
                "coordinates": [
                    15.284908,
                    44.070125
                ]
            }
        },
        {
            "type": "Feature",
            "properties": {
                "TOCKA": "P419",
                "STACIONAZA": 89524.88,
                "EHTRS96TM": 402496.622,
                "NHTRS96TM": 4882063.642,
                "H": 6.142,
                "STABILIZACIJA": "BOLCNA",
                "STRANA": "L",
                "UDALJENOST_OD_OSI": -2.43,
                "PRUGA": "M606"
            },
            "geometry": {
                "type": "Point",
                "coordinates": [
                    15.282748,
                    44.07208
                ]
            }
        },
        {
            "type": "Feature",
            "properties": {
                "TOCKA": "P420",
                "STACIONAZA": 89850.05,
                "EHTRS96TM": 402315.352,
                "NHTRS96TM": 4882333.832,
                "H": 5.405,
                "STABILIZACIJA": "TIPLA",
                "STRANA": "L",
                "UDALJENOST_OD_OSI": -2.87,
                "PRUGA": "M606"
            },
            "geometry": {
                "type": "Point",
                "coordinates": [
                    15.280436,
                    44.074487
                ]
            }
        },
        {
            "type": "Feature",
            "properties": {
                "TOCKA": "P421",
                "STACIONAZA": 90169.03,
                "EHTRS96TM": 402193.773,
                "NHTRS96TM": 4882629.022,
                "H": 4.977,
                "STABILIZACIJA": "KAPA",
                "STRANA": "L",
                "UDALJENOST_OD_OSI": -6.06,
                "PRUGA": "M606"
            },
            "geometry": {
                "type": "Point",
                "coordinates": [
                    15.278863,
                    44.077127
                ]
            }
        },
        {
            "type": "Feature",
            "properties": {
                "TOCKA": "P422",
                "STACIONAZA": 90311.38,
                "EHTRS96TM": 402151.64,
                "NHTRS96TM": 4882765.926,
                "H": 4.875,
                "STABILIZACIJA": "KAPA",
                "STRANA": "L",
                "UDALJENOST_OD_OSI": -6.32,
                "PRUGA": "M606"
            },
            "geometry": {
                "type": "Point",
                "coordinates": [
                    15.278312,
                    44.078353
                ]
            }
        },
        {
            "type": "Feature",
            "properties": {
                "TOCKA": "P423",
                "STACIONAZA": 90563.06,
                "EHTRS96TM": 402112.121,
                "NHTRS96TM": 4883014.828,
                "H": 4.524,
                "STABILIZACIJA": "KAPA",
                "STRANA": "L",
                "UDALJENOST_OD_OSI": -10.05,
                "PRUGA": "M606"
            },
            "geometry": {
                "type": "Point",
                "coordinates": [
                    15.277773,
                    44.080588
                ]
            }
        },
        {
            "type": "Feature",
            "properties": {
                "TOCKA": "P423-2",
                "STACIONAZA": 90587.78,
                "EHTRS96TM": 402120.962,
                "NHTRS96TM": 4883041.016,
                "H": 5.204,
                "STABILIZACIJA": "KAPA",
                "STRANA": "D",
                "UDALJENOST_OD_OSI": 2.31,
                "PRUGA": "M606"
            },
            "geometry": {
                "type": "Point",
                "coordinates": [
                    15.277878,
                    44.080825
                ]
            }
        },
        {
            "type": "Feature",
            "properties": {
                "TOCKA": "P424",
                "STACIONAZA": 90812.45,
                "EHTRS96TM": 402092.419,
                "NHTRS96TM": 4883263.871,
                "H": 4.451,
                "STABILIZACIJA": "KAPA",
                "STRANA": "D",
                "UDALJENOST_OD_OSI": 4.7,
                "PRUGA": "M606"
            },
            "geometry": {
                "type": "Point",
                "coordinates": [
                    15.277481,
                    44.082826
                ]
            }
        },
        {
            "type": "Feature",
            "properties": {
                "TOCKA": "HZ12",
                "STACIONAZA": 91043.48,
                "EHTRS96TM": 402056.673,
                "NHTRS96TM": 4883492.428,
                "H": 4.467,
                "STABILIZACIJA": "KAPA",
                "STRANA": "D",
                "UDALJENOST_OD_OSI": 3.74,
                "PRUGA": "M606"
            },
            "geometry": {
                "type": "Point",
                "coordinates": [
                    15.276992,
                    44.084878
                ]
            }
        },
        {
            "type": "Feature",
            "properties": {
                "TOCKA": "HZ13",
                "STACIONAZA": 91210.69,
                "EHTRS96TM": 401992.285,
                "NHTRS96TM": 4883647.261,
                "H": 4.617,
                "STABILIZACIJA": "KAPA",
                "STRANA": "D",
                "UDALJENOST_OD_OSI": 3.83,
                "PRUGA": "M606"
            },
            "geometry": {
                "type": "Point",
                "coordinates": [
                    15.276159,
                    44.086263
                ]
            }
        },
        {
            "type": "Feature",
            "properties": {
                "TOCKA": "HZ14",
                "STACIONAZA": 91499.5,
                "EHTRS96TM": 401825.866,
                "NHTRS96TM": 4883883.543,
                "H": 5.692,
                "STABILIZACIJA": "KAPA",
                "STRANA": "D",
                "UDALJENOST_OD_OSI": 2.41,
                "PRUGA": "M606"
            },
            "geometry": {
                "type": "Point",
                "coordinates": [
                    15.274038,
                    44.088367
                ]
            }
        },
        {
            "type": "Feature",
            "properties": {
                "TOCKA": "HZ15N",
                "STACIONAZA": 91878.64,
                "EHTRS96TM": 401602.178,
                "NHTRS96TM": 4884189.733,
                "H": 6.297,
                "STABILIZACIJA": "KAPA",
                "STRANA": "L",
                "UDALJENOST_OD_OSI": -3.85,
                "PRUGA": "M606"
            },
            "geometry": {
                "type": "Point",
                "coordinates": [
                    15.271188,
                    44.091092
                ]
            }
        },
        {
            "type": "Feature",
            "properties": {
                "TOCKA": "HZ16",
                "STACIONAZA": 92173.9,
                "EHTRS96TM": 401432.537,
                "NHTRS96TM": 4884431.398,
                "H": 6.008,
                "STABILIZACIJA": "TIPLA",
                "STRANA": "L",
                "UDALJENOST_OD_OSI": -3.15,
                "PRUGA": "M606"
            },
            "geometry": {
                "type": "Point",
                "coordinates": [
                    15.269025,
                    44.093244
                ]
            }
        },
        {
            "type": "Feature",
            "properties": {
                "TOCKA": "HZ17",
                "STACIONAZA": 92518.04,
                "EHTRS96TM": 401239.093,
                "NHTRS96TM": 4884716.086,
                "H": 6.663,
                "STABILIZACIJA": "KAPA",
                "STRANA": "D",
                "UDALJENOST_OD_OSI": 2.9,
                "PRUGA": "M606"
            },
            "geometry": {
                "type": "Point",
                "coordinates": [
                    15.266556,
                    44.09578
                ]
            }
        },
        {
            "type": "Feature",
            "properties": {
                "TOCKA": "P301",
                "STACIONAZA": 92777.22,
                "EHTRS96TM": 401077.067,
                "NHTRS96TM": 4884918.522,
                "H": 7.195,
                "STABILIZACIJA": "KAPA",
                "STRANA": "D",
                "UDALJENOST_OD_OSI": 3.17,
                "PRUGA": "M606"
            },
            "geometry": {
                "type": "Point",
                "coordinates": [
                    15.264495,
                    44.097579
                ]
            }
        },
        {
            "type": "Feature",
            "properties": {
                "TOCKA": "P302",
                "STACIONAZA": 92988.81,
                "EHTRS96TM": 400911.355,
                "NHTRS96TM": 4885050.485,
                "H": 7.682,
                "STABILIZACIJA": "KAPA",
                "STRANA": "D",
                "UDALJENOST_OD_OSI": 2.92,
                "PRUGA": "M606"
            },
            "geometry": {
                "type": "Point",
                "coordinates": [
                    15.262401,
                    44.098744
                ]
            }
        },
        {
            "type": "Feature",
            "properties": {
                "TOCKA": "P303",
                "STACIONAZA": 93196.36,
                "EHTRS96TM": 400725.357,
                "NHTRS96TM": 4885142.946,
                "H": 7.55,
                "STABILIZACIJA": "KAPA",
                "STRANA": "D",
                "UDALJENOST_OD_OSI": 2.29,
                "PRUGA": "M606"
            },
            "geometry": {
                "type": "Point",
                "coordinates": [
                    15.260061,
                    44.099551
                ]
            }
        },
        {
            "type": "Feature",
            "properties": {
                "TOCKA": "P304",
                "STACIONAZA": 93398.62,
                "EHTRS96TM": 400529.844,
                "NHTRS96TM": 4885195.424,
                "H": 7.432,
                "STABILIZACIJA": "KAPA",
                "STRANA": "D",
                "UDALJENOST_OD_OSI": 2.82,
                "PRUGA": "M606"
            },
            "geometry": {
                "type": "Point",
                "coordinates": [
                    15.25761,
                    44.099997
                ]
            }
        },
        {
            "type": "Feature",
            "properties": {
                "TOCKA": "P305",
                "STACIONAZA": 93622.33,
                "EHTRS96TM": 400306.791,
                "NHTRS96TM": 4885214.705,
                "H": 7.295,
                "STABILIZACIJA": "KAPA",
                "STRANA": "L",
                "UDALJENOST_OD_OSI": -3.72,
                "PRUGA": "M606"
            },
            "geometry": {
                "type": "Point",
                "coordinates": [
                    15.254821,
                    44.10014
                ]
            }
        },
        {
            "type": "Feature",
            "properties": {
                "TOCKA": "P306",
                "STACIONAZA": 93772.08,
                "EHTRS96TM": 400157.791,
                "NHTRS96TM": 4885240.65,
                "H": 5.168,
                "STABILIZACIJA": "KAPA",
                "STRANA": "L",
                "UDALJENOST_OD_OSI": -10.01,
                "PRUGA": "M606"
            },
            "geometry": {
                "type": "Point",
                "coordinates": [
                    15.252956,
                    44.100353
                ]
            }
        },
        {
            "type": "Feature",
            "properties": {
                "TOCKA": "P307",
                "STACIONAZA": 93991.62,
                "EHTRS96TM": 399964.544,
                "NHTRS96TM": 4885347.216,
                "H": 5.389,
                "STABILIZACIJA": "KAPA",
                "STRANA": "D",
                "UDALJENOST_OD_OSI": 2.97,
                "PRUGA": "M606"
            },
            "geometry": {
                "type": "Point",
                "coordinates": [
                    15.250522,
                    44.101286
                ]
            }
        },
        {
            "type": "Feature",
            "properties": {
                "TOCKA": "P308",
                "STACIONAZA": 94259.25,
                "EHTRS96TM": 399726.303,
                "NHTRS96TM": 4885468.177,
                "H": 4.735,
                "STABILIZACIJA": "KAPA",
                "STRANA": "D",
                "UDALJENOST_OD_OSI": 2.09,
                "PRUGA": "M606"
            },
            "geometry": {
                "type": "Point",
                "coordinates": [
                    15.247524,
                    44.102342
                ]
            }
        },
        {
            "type": "Feature",
            "properties": {
                "TOCKA": "P309",
                "STACIONAZA": 94602.52,
                "EHTRS96TM": 399470.299,
                "NHTRS96TM": 4885695.198,
                "H": 6.89,
                "STABILIZACIJA": "BOLCNA",
                "STRANA": "D",
                "UDALJENOST_OD_OSI": 3.29,
                "PRUGA": "M606"
            },
            "geometry": {
                "type": "Point",
                "coordinates": [
                    15.244284,
                    44.10435
                ]
            }
        },
        {
            "type": "Feature",
            "properties": {
                "TOCKA": "P310",
                "STACIONAZA": 94806.1,
                "EHTRS96TM": 399352.285,
                "NHTRS96TM": 4885860.777,
                "H": 6.943,
                "STABILIZACIJA": "BOLCNA",
                "STRANA": "D",
                "UDALJENOST_OD_OSI": 3.28,
                "PRUGA": "M606"
            },
            "geometry": {
                "type": "Point",
                "coordinates": [
                    15.242779,
                    44.105823
                ]
            }
        }
    ]
}
];